DISTRICT,CNTYNAME,COUNTY,DFLCHART,DISTNAME,D_RATING,REGION,dackdtl,secs
'057829,DALLAS,'057,Y,A+ ACADEMY,A,'10,,B
'109901,HILL,'109,N,ABBOTT ISD,E,'12,AUVJEWS,B
'095901,HALE,'095,N,ABERNATHY ISD,R,'17,AUVJ,
'221901,TAYLOR,'221,N,ABILENE ISD,A,'14,,D
'014901,BELL,'014,N,ACADEMY ISD,E,'12,UVJS,
'101810,HARRIS,'101,Y,ACADEMY OF ACCELERATED LEARNING IN,R,'04,A,
'123801,JEFFERSON,'123,Y,ACADEMY OF BEAUMONT,A,'05,,
'015816,BEXAR,'015,Y,ACADEMY OF CAREERS AND TECHNOLOGIE,1,'20,,
'057810,DALLAS,'057,Y,ACADEMY OF DALLAS,L,'10,,
'101849,HARRIS,'101,Y,ACCELERATED INTERMEDIATE ACADEMY,A,'04,S,D
'180903,OLDHAM,'180,N,ADRIAN ISD,E,'16,RVWS,
'178901,NUECES,'178,N,AGUA DULCE ISD,A,'02,ADUVJ,
'015901,BEXAR,'015,N,ALAMO HEIGHTS ISD,A,'20,PVJW,D
'250906,WOOD,'250,N,ALBA-GOLDEN ISD,R,'07,JS,B
'209901,SHACKELFORD,'209,N,ALBANY ISD,R,'14,RUVEW,
'101902,HARRIS,'101,N,ALDINE ISD,A,'04,S,D
'184907,PARKER,'184,N,ALEDO ISD,R,'11,PCRUVJEW,
'125901,JIM WELLS,'125,N,ALICE ISD,L,'02,,B
'101903,HARRIS,'101,N,ALIEF ISD,A,'04,DS,B
'101815,HARRIS,'101,Y,ALIEF MONTESSORI COMMUNITY SCHOOL,E,'04,EWM,
'043901,COLLIN,'043,N,ALLEN ISD,R,'10,APUVEWMS,
'057832,DALLAS,'057,Y,ALPHA CHARTER SCHOOL,1,'10,,B
'101817,HARRIS,'101,Y,ALPHONSO CRUTCH'S-LIFE SUPPORT CEN,2,'04,,
'022901,BREWSTER,'022,N,ALPINE ISD,R,'18,VEWS,D
'037901,CHEROKEE,'037,N,ALTO ISD,A,'07,AV,B
'126901,JOHNSON,'126,N,ALVARADO ISD,A,'11,JWS,
'020901,BRAZORIA,'020,N,ALVIN ISD,R,'04,S,
'249901,WISE,'249,N,ALVORD ISD,E,'11,AUVJEWMS,
'188901,POTTER,'188,N,AMARILLO ISD,A,'16,,
'084804,GALVESTON,'084,Y,AMBASSADORS PREPARATORY ACADEMY,R,'04,AN,
'227801,TRAVIS,'227,Y,AMERICAN YOUTHWORKS CHARTER SCHOOL,1,'13,,C
'140901,LAMB,'140,N,AMHERST ISD,A,'17,R,D
'101819,HARRIS,'101,Y,AMIGOS POR VIDA-FRIENDS FOR LIFE P,R,'04,A,
'036901,CHAMBERS,'036,N,ANAHUAC ISD,R,'04,VJ,L
'093901,GRIMES,'093,N,ANDERSON-SHIRO CISD,R,'06,UVJW,
'002901,ANDREWS,'002,N,ANDREWS ISD,L,'18,,
'020902,BRAZORIA,'020,N,ANGLETON ISD,R,'04,VJEWMS,
'043902,COLLIN,'043,N,ANNA ISD,A,'10,AJW,
'127901,JONES,'127,N,ANSON ISD,R,'14,VS,
'071906,EL PASO,'071,N,ANTHONY ISD,A,'19,AR,B
'110901,HOCKLEY,'110,N,ANTON ISD,A,'17,UVW,
'228905,TRINITY,'228,N,APPLE SPRINGS ISD,A,'06,S,D
'109912,HILL,'109,N,AQUILLA ISD,E,'12,UVWS,
'004901,ARANSAS,'004,N,ARANSAS COUNTY ISD,R,'02,JS,B
'205901,SAN PATRICIO,'205,N,ARANSAS PASS ISD,A,'02,,
'005901,ARCHER,'005,N,ARCHER CITY ISD,R,'09,EWM,
'061910,DENTON,'061,N,ARGYLE ISD,R,'11,DPRUVJWNS,
'220802,TARRANT,'220,Y,ARLINGTON CLASSICS ACADEMY,E,'11,AEWN,
'220901,TARRANT,'220,N,ARLINGTON ISD,A,'11,,
'212901,SMITH,'212,N,ARP ISD,A,'07,UV,
'217901,STONEWALL,'217,N,ASPERMONT ISD,R,'14,ARUVJWS,
'107901,HENDERSON,'107,N,ATHENS ISD,A,'07,,D
'034901,CASS,'034,N,ATLANTA ISD,A,'08,W,B
'061907,DENTON,'061,N,AUBREY ISD,R,'11,UVJEWMS,
'227818,TRAVIS,'227,Y,AUSTIN CAN ACADEMY CHARTER SCHOOL,2,'13,,B
'227821,TRAVIS,'227,Y,AUSTIN DISCOVERY SCHOOL,R,'13,EWMN,
'227901,TRAVIS,'227,N,AUSTIN ISD,A,'13,,
'196901,REFUGIO,'196,N,AUSTWELL-TIVOLI ISD,R,'03,VJEWS,D
'070901,ELLIS,'070,N,AVALON ISD,R,'10,DUVJ,
'194902,RED RIVER,'194,N,AVERY ISD,R,'08,AUVEWMNS,
'034902,CASS,'034,N,AVINGER ISD,R,'08,UVE,D
'057816,DALLAS,'057,Y,AW BROWN-FELLOWSHIP CHARTER SCHOOL,R,'10,AEW,D
'161918,MCLENNAN,'161,N,AXTELL ISD,A,'12,AUVW,B
'220915,TARRANT,'220,N,AZLE ISD,R,'11,P,
'212803,SMITH,'212,Y,AZLEWAY CHARTER SCHOOL,1,'07,AJ,
'030903,CALLAHAN,'030,N,BAIRD ISD,R,'14,AUVJEW,D
'200901,RUNNELS,'200,N,BALLINGER ISD,L,'15,,
'195902,REEVES,'195,N,BALMORHEA ISD,E,'18,UVJEWS,
'010902,BANDERA,'010,N,BANDERA ISD,A,'20,DJS,D
'025901,BROWN,'025,N,BANGS ISD,R,'15,UVJE,B
'178913,NUECES,'178,N,BANQUETE ISD,R,'02,UVS,
'036902,CHAMBERS,'036,N,BARBERS HILL ISD,A,'04,UVJW,
'014902,BELL,'014,N,BARTLETT ISD,A,'13,,
'011901,BASTROP,'011,N,BASTROP ISD,A,'13,,
'101809,HARRIS,'101,Y,BAY AREA CHARTER INC,L,'04,,D
'158901,MATAGORDA,'158,N,BAY CITY ISD,A,'03,,
'101847,HARRIS,'101,Y,BEATRICE MAYES INSTITUTE CHARTER S,E,'04,AEWS,
'123910,JEFFERSON,'123,N,BEAUMONT ISD,R,'05,S,
'183901,PANOLA,'183,N,BECKVILLE ISD,R,'07,RVJW,
'013901,BEE,'013,N,BEEVILLE ISD,L,'02,,B
'039904,CLAY,'039,N,BELLEVUE ISD,R,'09,RUJS,
'091901,GRAYSON,'091,N,BELLS ISD,R,'10,RUVJEWS,D
'008901,AUSTIN,'008,N,BELLVILLE ISD,R,'06,J,
'014903,BELL,'014,N,BELTON ISD,A,'12,S,
'125902,JIM WELLS,'125,N,BEN BOLT-PALITO BLANCO ISD,A,'02,,A
'066901,DUVAL,'066,N,BENAVIDES ISD,L,'02,,D
'138904,KNOX,'138,N,BENJAMIN ISD,E,'09,UVJEWMNS,
'101820,HARRIS,'101,Y,BENJI'S SPECIAL EDUCATIONAL ACADEM,2,'04,,E
'015809,BEXAR,'015,Y,BEXAR COUNTY ACADEMY,A,'20,,
'187901,POLK,'187,N,BIG SANDY ISD,A,'06,RUVJS,
'230901,UPSHUR,'230,N,BIG SANDY ISD,A,'07,RUJ,
'114901,HOWARD,'114,N,BIG SPRING ISD,A,'18,,A
'193801,REAL,'193,Y,BIG SPRINGS CHARTER SCHOOL,1,'20,AV,
'220902,TARRANT,'220,N,BIRDVILLE ISD,A,'11,US,
'178902,NUECES,'178,N,BISHOP CISD,R,'02,RVJS,
'177903,NOLAN,'177,N,BLACKWELL CISD,R,'14,UVEWS,
'016902,BLANCO,'016,N,BLANCO ISD,R,'13,RUVJS,
'116915,HUNT,'116,N,BLAND ISD,A,'10,UVJWS,
'025904,BROWN,'025,N,BLANKET ISD,R,'15,AUVJS,D
'034909,CASS,'034,N,BLOOMBURG ISD,R,'08,UVJS,B
'175902,NAVARRO,'175,N,BLOOMING GROVE ISD,R,'12,UJ,D
'235901,VICTORIA,'235,N,BLOOMINGTON ISD,L,'03,,B
'043917,COLLIN,'043,N,BLUE RIDGE ISD,R,'10,U,
'072904,ERATH,'072,N,BLUFF DALE ISD,R,'11,AEWMNS,
'109913,HILL,'109,N,BLUM ISD,A,'12,VJ,
'130901,KENDALL,'130,N,BOERNE ISD,R,'20,PUVJS,B
'116916,HUNT,'116,N,BOLES ISD,R,'10,AVJ,D
'241901,WHARTON,'241,N,BOLING ISD,R,'03,J,
'074903,FANNIN,'074,N,BONHAM ISD,A,'10,,
'148901,LIPSCOMB,'148,N,BOOKER ISD,A,'16,ARUVJEW,D
'017901,BORDEN,'017,N,BORDEN COUNTY ISD,E,'17,RUVJEWMNS,
'117901,HUTCHINSON,'117,N,BORGER ISD,A,'16,,
'161923,MCLENNAN,'161,N,BOSQUEVILLE ISD,R,'12,AVJWS,
'185901,PARMER,'185,N,BOVINA ISD,A,'16,A,D
'169901,MONTAGUE,'169,N,BOWIE ISD,A,'09,J,
'249902,WISE,'249,N,BOYD ISD,R,'11,VJES,D
'180901,OLDHAM,'180,N,BOYS RANCH ISD,A,'16,A,B
'136901,KINNEY,'136,N,BRACKETT ISD,R,'20,AVJ,
'160901,MCCULLOCH,'160,N,BRADY ISD,A,'15,S,
'008903,AUSTIN,'008,N,BRAZOS ISD,R,'06,UVJS,B
'213801,SOMERVELL,'213,Y,BRAZOS RIVER CHARTER SCHOOL,1,'11,,D
'021803,BRAZOS,'021,Y,BRAZOS SCHOOL FOR INQUIRY & CREATI,1,'06,,D
'020905,BRAZORIA,'020,N,BRAZOSPORT ISD,A,'04,,
'215901,STEPHENS,'215,N,BRECKENRIDGE ISD,A,'14,V,
'198901,ROBERTSON,'198,N,BREMOND ISD,R,'06,VJW,D
'239901,WASHINGTON,'239,N,BRENHAM ISD,L,'06,,A
'181901,ORANGE,'181,N,BRIDGE CITY ISD,R,'05,UVJWS,
'249903,WISE,'249,N,BRIDGEPORT ISD,A,'11,UVJ,D
'243801,WICHITA,'243,Y,BRIGHT IDEAS CHARTER,A,'09,RVS,
'203902,SAN AUGUSTINE,'203,N,BROADDUS ISD,A,'07,,
'184909,PARKER,'184,N,BROCK ISD,E,'11,UVJEWMNS,
'041901,COKE,'041,N,BRONTE ISD,R,'15,RUVJWS,
'121902,JASPER,'121,N,BROOKELAND ISD,A,'05,JEW,D
'025908,BROWN,'025,N,BROOKESMITH ISD,R,'15,ARUVWS,
'015830,BEXAR,'015,Y,BROOKS ACADEMY OF SCIENCE AND ENGI,A,'20,E,
'024901,BROOKS,'024,N,BROOKS COUNTY ISD,A,'02,,A
'223901,TERRY,'223,N,BROWNFIELD ISD,A,'17,,B
'107902,HENDERSON,'107,N,BROWNSBORO ISD,A,'07,U,
'031901,CAMERON,'031,N,BROWNSVILLE ISD,A,'01,DRJWS,D
'025902,BROWN,'025,N,BROWNWOOD ISD,R,'15,S,
'161919,MCLENNAN,'161,N,BRUCEVILLE-EDDY ISD,R,'12,UVJS,B
'021902,BRAZOS,'021,N,BRYAN ISD,A,'06,,D
'119901,JACK,'119,N,BRYSON ISD,A,'09,RUVJ,
'166907,MILAM,'166,N,BUCKHOLTS ISD,A,'06,VS,
'186901,PECOS,'186,N,BUENA VISTA ISD,A,'18,J,
'145901,LEON,'145,N,BUFFALO ISD,A,'06,,
'212902,SMITH,'212,N,BULLARD ISD,A,'07,RUJ,
'121903,JASPER,'121,N,BUNA ISD,A,'05,US,
'243901,WICHITA,'243,N,BURKBURNETT ISD,A,'09,PWS,
'176901,NEWTON,'176,N,BURKEVILLE ISD,A,'05,,
'126902,JOHNSON,'126,N,BURLESON ISD,A,'11,UJS,D
'027903,BURNET,'027,N,BURNET CISD,A,'13,,
'071801,EL PASO,'071,Y,BURNHAM WOOD CHARTER SCHOOL DISTRI,R,'19,W,
'239903,WASHINGTON,'239,N,BURTON ISD,A,'06,AVS,D
'188904,POTTER,'188,N,BUSHLAND ISD,R,'16,RUVJES,
'039901,CLAY,'039,N,BYERS ISD,R,'09,,
'109902,HILL,'109,N,BYNUM ISD,R,'12,AUVJNS,
'116901,HUNT,'116,N,CADDO MILLS ISD,R,'10,ARUVJEWS,
'178903,NUECES,'178,N,CALALLEN ISD,R,'02,PUJS,
'026901,BURLESON,'026,N,CALDWELL ISD,L,'06,,B
'029901,CALHOUN,'029,N,CALHOUN COUNTY ISD,R,'03,W,
'049905,COOKE,'049,N,CALLISBURG ISD,R,'11,VS,D
'198902,ROBERTSON,'198,N,CALVERT ISD,R,'06,RV,D
'101837,HARRIS,'101,Y,CALVIN NELMS CHARTER SCHOOLS,1,'04,VJS,
'166901,MILAM,'166,N,CAMERON ISD,A,'06,RJ,
'116910,HUNT,'116,N,CAMPBELL ISD,A,'10,RJS,
'106901,HEMPHILL,'106,N,CANADIAN ISD,A,'16,AUVJ,
'234902,VAN ZANDT,'234,N,CANTON ISD,E,'10,AUVJEWS,
'071907,EL PASO,'071,N,CANUTILLO ISD,A,'19,R,
'191901,RANDALL,'191,N,CANYON ISD,R,'16,RS,
'201913,RUSK,'201,N,CARLISLE ISD,A,'07,,A
'064903,DIMMIT,'064,N,CARRIZO SPRINGS CISD,A,'20,R,D
'220919,TARRANT,'220,N,CARROLL ISD,E,'11,DPCRUVJEWMNS,
'057903,DALLAS,'057,N,CARROLLTON-FARMERS BRANCH ISD,A,'10,PWS,
'183902,PANOLA,'183,N,CARTHAGE ISD,A,'07,,B
'220917,TARRANT,'220,N,CASTLEBERRY ISD,A,'11,,
'001902,ANDERSON,'001,N,CAYUGA ISD,R,'07,UVJEWS,
'057904,DALLAS,'057,N,CEDAR HILL ISD,A,'10,R,
'227817,TRAVIS,'227,Y,CEDARS INTERNATIONAL ACADEMY,A,'13,,
'116902,HUNT,'116,N,CELESTE ISD,E,'10,UVJWS,
'043903,COLLIN,'043,N,CELINA ISD,R,'10,APRUVJ,
'210901,SHELBY,'210,N,CENTER ISD,R,'07,UJS,
'133901,KERR,'133,N,CENTER POINT ISD,R,'20,RW,
'145902,LEON,'145,N,CENTERVILLE ISD,R,'06,RUVJW,
'228904,TRINITY,'228,N,CENTERVILLE ISD,A,'06,AUJN,
'174908,NACOGDOCHES,'174,N,CENTRAL HEIGHTS ISD,R,'07,UVES,
'003907,ANGELINA,'003,N,CENTRAL ISD,R,'07,,
'101905,HARRIS,'101,N,CHANNELVIEW ISD,A,'04,,
'103901,HARTLEY,'103,N,CHANNING ISD,A,'16,RUVEW,
'220815,TARRANT,'220,Y,CHAPEL HILL ACADEMY,X,'11,,
'212909,SMITH,'212,N,CHAPEL HILL ISD,A,'07,,B
'225906,TITUS,'225,N,CHAPEL HILL ISD,R,'08,AVJS,
'007901,ATASCOSA,'007,N,CHARLOTTE ISD,A,'20,,
'206903,SAN SABA,'206,N,CHEROKEE ISD,A,'15,,
'229906,TYLER,'229,N,CHESTER ISD,R,'05,R,
'249904,WISE,'249,N,CHICO ISD,A,'11,JS,D
'057811,DALLAS,'057,Y,CHILDREN FIRST ACADEMY OF DALLAS,R,'10,A,
'101823,HARRIS,'101,Y,CHILDREN FIRST ACADEMY OF HOUSTON,E,'04,AEWM,
'038901,CHILDRESS,'038,N,CHILDRESS ISD,R,'16,S,
'099902,HARDEMAN,'099,N,CHILLICOTHE ISD,A,'09,UV,
'073901,FALLS,'073,N,CHILTON ISD,R,'12,ARV,B
'161920,MCLENNAN,'161,N,CHINA SPRING ISD,R,'12,UVJS,
'174901,NACOGDOCHES,'174,N,CHIRENO ISD,R,'07,AUVJEWS,D
'139905,LAMAR,'139,N,CHISUM ISD,A,'08,UVEWS,D
'226901,TOM GREEN,'226,N,CHRISTOVAL ISD,R,'15,AUJWS,
'067902,EASTLAND,'067,N,CISCO ISD,R,'14,AUVJNS,B
'243906,WICHITA,'243,N,CITY VIEW ISD,R,'09,,
'065901,DONLEY,'065,N,CLARENDON ISD,A,'16,ARJ,
'194904,RED RIVER,'194,N,CLARKSVILLE ISD,A,'08,,D
'006902,ARMSTRONG,'006,N,CLAUDE ISD,R,'16,ARUVJEWS,B
'084910,GALVESTON,'084,N,CLEAR CREEK ISD,R,'04,UEWS,
'126903,JOHNSON,'126,N,CLEBURNE ISD,A,'11,,
'146901,LIBERTY,'146,N,CLEVELAND ISD,A,'04,,
'018901,BOSQUE,'018,N,CLIFTON ISD,A,'12,RUVJ,
'071901,EL PASO,'071,N,CLINT ISD,A,'19,RS,D
'030902,CALLAHAN,'030,N,CLYDE CISD,R,'14,RJ,
'114902,HOWARD,'114,N,COAHOMA ISD,A,'18,UJ,D
'204901,SAN JACINTO,'204,N,COLDSPRING-OAKHURST CISD,A,'06,R,
'042901,COLEMAN,'042,N,COLEMAN ISD,A,'15,AVW,D
'021901,BRAZOS,'021,N,COLLEGE STATION ISD,A,'06,PUJW,B
'091902,GRAYSON,'091,N,COLLINSVILLE ISD,R,'10,UVEWS,D
'229901,TYLER,'229,N,COLMESNEIL ISD,R,'05,JS,D
'168901,MITCHELL,'168,N,COLORADO ISD,A,'14,,D
'020907,BRAZORIA,'020,N,COLUMBIA-BRAZORIA ISD,A,'04,JS,
'045902,COLORADO,'045,N,COLUMBUS ISD,A,'03,J,D
'046902,COMAL,'046,N,COMAL ISD,A,'13,JS,
'047901,COMANCHE,'047,N,COMANCHE ISD,L,'14,,
'130902,KENDALL,'130,N,COMFORT ISD,A,'13,VJ,
'116903,HUNT,'116,N,COMMERCE ISD,A,'10,,
'043918,COLLIN,'043,N,COMMUNITY ISD,R,'10,UVEMS,
'112908,HOPKINS,'112,N,COMO-PICKTON CISD,R,'08,AS,
'101842,HARRIS,'101,Y,COMQUEST ACADEMY,1,'04,,
'233903,VAL VERDE,'233,N,COMSTOCK ISD,R,'15,ADRUVJENS,
'161921,MCLENNAN,'161,N,CONNALLY ISD,A,'12,,
'170902,MONTGOMERY,'170,N,CONROE ISD,R,'06,JS,
'147901,LIMESTONE,'147,N,COOLIDGE ISD,R,'12,R,
'060902,DELTA,'060,N,COOPER ISD,A,'08,UV,B
'057922,DALLAS,'057,N,COPPELL ISD,R,'10,APCUVJEWMS,
'050910,CORYELL,'050,N,COPPERAS COVE ISD,A,'12,UES,
'178904,NUECES,'178,N,CORPUS CHRISTI ISD,A,'02,,
'178807,NUECES,'178,Y,CORPUS CHRISTI MONTESSORI SCHOOL,R,'02,EWN,
'187904,POLK,'187,N,CORRIGAN-CAMDEN ISD,A,'06,U,B
'175903,NAVARRO,'175,N,CORSICANA ISD,A,'12,,B
'095902,HALE,'095,N,COTTON CENTER ISD,A,'17,ARVJWS,D
'142901,LA SALLE,'142,N,COTULLA ISD,L,'20,,A
'246914,WILLIAMSON,'246,N,COUPLAND ISD,R,'13,EWMS,
'109903,HILL,'109,N,COVINGTON ISD,A,'12,RS,D
'129901,KAUFMAN,'129,N,CRANDALL ISD,R,'10,UVJ,
'052901,CRANE,'052,N,CRANE ISD,A,'18,J,
'018908,BOSQUE,'018,N,CRANFILLS GAP ISD,R,'12,AV,D
'161901,MCLENNAN,'161,N,CRAWFORD ISD,E,'12,AUVJEWNS,
'053001,CROCKETT,'053,N,CROCKETT COUNTY CONSOLIDATED CSD,A,'15,UW,
'113901,HOUSTON,'113,N,CROCKETT ISD,A,'06,,D
'101906,HARRIS,'101,N,CROSBY ISD,A,'04,,
'054901,CROSBY,'054,N,CROSBYTON CISD,A,'17,P,L
'030901,CALLAHAN,'030,N,CROSS PLAINS ISD,R,'14,UVJW,
'107904,HENDERSON,'107,N,CROSS ROADS ISD,R,'07,UVJW,
'184801,PARKER,'184,Y,CROSSTIMBERS ACADEMY,1,'11,,
'078901,FOARD,'078,N,CROWELL ISD,A,'09,ADUJE,
'220912,TARRANT,'220,N,CROWLEY ISD,A,'11,,
'254901,ZAVALA,'254,N,CRYSTAL CITY ISD,A,'20,R,
'062901,DEWITT,'062,N,CUERO ISD,A,'03,UJ,
'055901,CULBERSON,'055,N,CULBERSON COUNTY-ALLAMOORE ISD,A,'18,R,B
'212801,SMITH,'212,Y,CUMBERLAND ACADEMY,R,'07,,
'112905,HOPKINS,'112,N,CUMBY ISD,R,'08,JS,
'174902,NACOGDOCHES,'174,N,CUSHING ISD,A,'07,JW,
'101907,HARRIS,'101,N,CYPRESS-FAIRBANKS ISD,R,'04,S,
'163902,MEDINA,'163,N,D'HANIS ISD,R,'20,ARJ,D
'172902,MORRIS,'172,N,DAINGERFIELD-LONE STAR ISD,A,'08,JW,
'056901,DALLAM,'056,N,DALHART ISD,A,'16,J,D
'057804,DALLAS,'057,Y,DALLAS CAN ACADEMY CHARTER,2,'10,,H
'057805,DALLAS,'057,Y,DALLAS COMMUNITY CHARTER SCHOOL,E,'10,EM,D
'057814,DALLAS,'057,Y,DALLAS COUNTY JUVENILE JUSTICE,3,'10,,
'057905,DALLAS,'057,N,DALLAS ISD,A,'10,,D
'020910,BRAZORIA,'020,N,DAMON ISD,A,'04,AEM,
'020904,BRAZORIA,'020,N,DANBURY ISD,R,'04,RUVJW,
'148905,LIPSCOMB,'148,N,DARROUZETT ISD,R,'16,UW,
'058902,DAWSON,'058,N,DAWSON ISD,R,'17,RUVJS,D
'175904,NAVARRO,'175,N,DAWSON ISD,R,'12,,
'146902,LIBERTY,'146,N,DAYTON ISD,L,'04,,
'047902,COMANCHE,'047,N,DE LEON ISD,A,'14,UJ,
'249905,WISE,'249,N,DECATUR ISD,A,'11,AJS,
'101908,HARRIS,'101,N,DEER PARK ISD,R,'04,,
'019901,BOWIE,'019,N,DEKALB ISD,A,'08,VJ,B
'227910,TRAVIS,'227,N,DEL VALLE ISD,R,'13,S,
'115903,HUDSPETH,'115,N,DELL CITY ISD,A,'19,RUVJ,
'091903,GRAYSON,'091,N,DENISON ISD,A,'10,PUW,B
'061901,DENTON,'061,N,DENTON ISD,A,'11,S,
'251901,YOAKUM,'251,N,DENVER CITY ISD,A,'17,UVWS,
'057906,DALLAS,'057,N,DESOTO ISD,A,'10,,D
'194905,RED RIVER,'194,N,DETROIT ISD,A,'08,,
'146903,LIBERTY,'146,N,DEVERS ISD,E,'04,AEWMNS,
'163901,MEDINA,'163,N,DEVINE ISD,R,'20,U,
'081906,FREESTONE,'081,N,DEW ISD,R,'12,AEWS,
'176903,NEWTON,'176,N,DEWEYVILLE ISD,R,'05,S,
'003905,ANGELINA,'003,N,DIBOLL ISD,A,'07,,D
'084901,GALVESTON,'084,N,DICKINSON ISD,A,'04,,
'082902,FRIO,'082,N,DILLEY ISD,A,'20,,
'144903,LEE,'144,N,DIME BOX ISD,A,'13,RUVS,D
'035901,CASTRO,'035,N,DIMMITT ISD,A,'16,RJ,
'133905,KERR,'133,N,DIVIDE ISD,E,'20,AEWM,
'074904,FANNIN,'074,N,DODD CITY ISD,E,'10,ARUVJEWMNS,
'108902,HIDALGO,'108,N,DONNA ISD,A,'01,RS,L
'086024,GILLESPIE,'086,N,DOSS CONSOLIDATED CSD,E,'13,AEWMNS,
'174911,NACOGDOCHES,'174,N,DOUGLASS ISD,E,'07,AUVJEWNS,
'178801,NUECES,'178,Y,DR M L GARZA-GONZALEZ CHARTER SCHO,2,'02,,B
'101856,HARRIS,'101,Y,DRAW ACADEMY,A,'04,AS,
'105904,HAYS,'105,N,DRIPPING SPRINGS ISD,R,'13,APCUVJES,
'178905,NUECES,'178,N,DRISCOLL ISD,E,'02,ANS,
'072902,ERATH,'072,N,DUBLIN ISD,A,'11,PRJS,
'171901,MOORE,'171,N,DUMAS ISD,R,'16,W,B
'057907,DALLAS,'057,N,DUNCANVILLE ISD,A,'10,,
'057806,DALLAS,'057,Y,EAGLE ADVANTAGE SCHOOLS,A,'10,R,D
'220918,TARRANT,'220,N,EAGLE MT-SAGINAW ISD,A,'11,S,
'159901,MAVERICK,'159,N,EAGLE PASS ISD,R,'20,PRUVWS,B
'227909,TRAVIS,'227,N,EANES ISD,E,'13,PCRUVJEWMNS,
'025909,BROWN,'025,N,EARLY ISD,R,'15,APRUVJEWS,
'241902,WHARTON,'241,N,EAST BERNARD ISD,R,'03,AVJWS,
'015911,BEXAR,'015,N,EAST CENTRAL ISD,A,'20,,
'036903,CHAMBERS,'036,N,EAST CHAMBERS ISD,R,'04,ARVJ,
'220811,TARRANT,'220,Y,EAST FORT WORTH MONTESSORI ACADEMY,R,'11,A,
'092801,GREGG,'092,Y,EAST TEXAS CHARTER SCHOOLS,1,'07,,
'067903,EASTLAND,'067,N,EASTLAND ISD,R,'14,UJ,
'068901,ECTOR,'068,N,ECTOR COUNTY ISD,L,'18,,
'074905,FANNIN,'074,N,ECTOR ISD,R,'10,VMS,D
'108903,HIDALGO,'108,N,EDCOUCH-ELSA ISD,A,'01,ADRJ,H
'048901,CONCHO,'048,N,EDEN CISD,A,'15,UJWS,B
'227803,TRAVIS,'227,Y,EDEN PARK ACADEMY,E,'13,EMNS,
'015905,BEXAR,'015,N,EDGEWOOD ISD,A,'20,S,
'234903,VAN ZANDT,'234,N,EDGEWOOD ISD,A,'07,UVJW,
'108904,HIDALGO,'108,N,EDINBURG CISD,A,'01,RWS,B
'120901,JACKSON,'120,N,EDNA ISD,A,'03,UVJ,B
'061802,DENTON,'061,Y,EDUCATION CENTER,L,'11,,
'057833,DALLAS,'057,Y,EDUCATION CENTER INTERNATIONAL ACA,A,'10,RJ,
'123805,JEFFERSON,'123,Y,EHRHART SCHOOL,A,'05,,
'241903,WHARTON,'241,N,EL CAMPO ISD,A,'03,,B
'071804,EL PASO,'071,Y,EL PASO ACADEMY,1,'19,R,H
'071902,EL PASO,'071,N,EL PASO ISD,A,'19,R,
'071805,EL PASO,'071,Y,EL PASO SCHOOL OF EXCELLENCE,1,'19,W,
'243902,WICHITA,'243,N,ELECTRA ISD,A,'09,UV,
'011902,BASTROP,'011,N,ELGIN ISD,A,'13,,D
'001903,ANDERSON,'001,N,ELKHART ISD,R,'07,UVJW,B
'102906,HARRISON,'102,N,ELYSIAN FIELDS ISD,R,'07,UVJ,
'024801,BROOKS,'024,Y,ENCINO SCHOOL,L,'02,,
'070903,ELLIS,'070,N,ENNIS ISD,A,'10,,B
'049906,COOKE,'049,N,ERA ISD,R,'11,ARJEWMNS,
'072802,ERATH,'072,Y,ERATH EXCELS ACADEMY INC,1,'11,W,B
'174910,NACOGDOCHES,'174,N,ETOILE ISD,R,'07,S,
'030906,CALLAHAN,'030,N,EULA ISD,A,'14,RUVJES,
'107905,HENDERSON,'107,N,EUSTACE ISD,R,'07,AUJS,D
'121906,JASPER,'121,N,EVADALE ISD,R,'05,RUJWS,
'050901,CORYELL,'050,N,EVANT ISD,R,'12,RUVW,
'220904,TARRANT,'220,N,EVERMAN ISD,A,'11,R,
'057834,DALLAS,'057,Y,EVOLUTION ACADEMY CHARTER SCHOOL,1,'10,,B
'101811,HARRIS,'101,Y,EXCEL ACADEMY,3,'04,,A
'210906,SHELBY,'210,N,EXCELSIOR ISD,A,'07,EWN,
'143906,LAVACA,'143,N,EZZELL ISD,E,'03,AEWMNS,
'071903,EL PASO,'071,N,FABENS ISD,R,'19,ARV,D
'081902,FREESTONE,'081,N,FAIRFIELD ISD,R,'12,UVJ,A
'057815,DALLAS,'057,Y,FAITH FAMILY ACADEMY OF OAK CLIFF,1,'10,AR,
'128904,KARNES,'128,N,FALLS CITY ISD,E,'03,ADUVJEWMNS,F
'060914,DELTA,'060,N,FANNINDEL ISD,A,'08,,D
'043904,COLLIN,'043,N,FARMERSVILLE ISD,R,'10,VJW,D
'185902,PARMER,'185,N,FARWELL ISD,A,'16,ARUVJEW,
'075906,FAYETTE,'075,N,FAYETTEVILLE ISD,R,'13,AUVJEMS,
'070905,ELLIS,'070,N,FERRIS ISD,A,'10,R,
'075901,FAYETTE,'075,N,FLATONIA ISD,R,'13,ARUVJW,
'246902,WILLIAMSON,'246,N,FLORENCE ISD,A,'13,,
'247901,WILSON,'247,N,FLORESVILLE ISD,R,'20,,
'178914,NUECES,'178,N,FLOUR BLUFF ISD,R,'02,VJS,
'077901,FLOYD,'077,N,FLOYDADA ISD,R,'17,UVJS,B
'057817,DALLAS,'057,Y,FOCUS LEARNING ACADEMY,1,'10,AE,D
'148902,LIPSCOMB,'148,N,FOLLETT ISD,R,'16,ADVJW,
'169910,MONTAGUE,'169,N,FORESTBURG ISD,R,'09,UVES,
'129902,KAUFMAN,'129,N,FORNEY ISD,R,'10,AEWS,
'114904,HOWARD,'114,N,FORSAN ISD,A,'18,UVJEWS,
'079907,FORT BEND,'079,N,FORT BEND ISD,A,'04,S,
'242906,WHEELER,'242,N,FORT ELLIOTT CISD,R,'16,A,
'186902,PECOS,'186,N,FORT STOCKTON ISD,L,'18,,B
'220809,TARRANT,'220,Y,FORT WORTH ACADEMY OF FINE ARTS,R,'11,DPRUVJEWS,D
'220804,TARRANT,'220,Y,FORT WORTH CAN ACADEMY,2,'11,,H
'220905,TARRANT,'220,N,FORT WORTH ISD,A,'11,,
'198903,ROBERTSON,'198,N,FRANKLIN ISD,R,'06,UVJS,D
'001904,ANDERSON,'001,N,FRANKSTON ISD,A,'07,UJS,B
'086901,GILLESPIE,'086,N,FREDERICKSBURG ISD,A,'13,,D
'066903,DUVAL,'066,N,FREER ISD,L,'02,,
'152907,LUBBOCK,'152,N,FRENSHIP ISD,R,'17,W,
'084911,GALVESTON,'084,N,FRIENDSWOOD ISD,E,'04,PCRUVJEWMNS,
'185903,PARMER,'185,N,FRIONA ISD,R,'16,R,
'043905,COLLIN,'043,N,FRISCO ISD,R,'10,APUVEWMS,
'175905,NAVARRO,'175,N,FROST ISD,A,'12,VJ,
'227812,TRAVIS,'227,Y,FRUIT OF EXCELLENCE,R,'13,AUVS,I
'234909,VAN ZANDT,'234,N,FRUITVALE ISD,E,'07,U,
'122901,JEFF DAVIS,'122,N,FT DAVIS ISD,A,'18,AVJWS,D
'115901,HUDSPETH,'115,N,FT HANCOCK ISD,A,'19,ARU,D
'015914,BEXAR,'015,N,FT SAM HOUSTON ISD,R,'20,RUVJ,
'232801,UVALDE,'232,Y,GABRIEL TAFOLLA ACADEMY,A,'20,,
'049901,COOKE,'049,N,GAINESVILLE ISD,A,'11,J,
'101910,HARRIS,'101,N,GALENA PARK ISD,R,'04,WS,
'084902,GALVESTON,'084,N,GALVESTON ISD,A,'04,,B
'120902,JACKSON,'120,N,GANADO ISD,R,'03,ARVJ,D
'057909,DALLAS,'057,N,GARLAND ISD,R,'10,S,
'184911,PARKER,'184,N,GARNER ISD,R,'11,EMNS,
'174903,NACOGDOCHES,'174,N,GARRISON ISD,R,'07,AUVJWS,D
'183904,PANOLA,'183,N,GARY ISD,R,'07,JW,B
'050902,CORYELL,'050,N,GATESVILLE ISD,A,'12,JS,
'240801,WEBB,'240,Y,GATEWAY (STUDENT ALTERNATIVE PROGR,1,'01,D,B
'057831,DALLAS,'057,Y,GATEWAY CHARTER ACADEMY,A,'10,A,D
'166902,MILAM,'166,N,GAUSE ISD,R,'06,AWNS,D
'015802,BEXAR,'015,Y,GEORGE GERVIN ACADEMY,1,'20,,D
'101804,HARRIS,'101,Y,GEORGE I SANCHEZ CHARTER,1,'04,,D
'015812,BEXAR,'015,Y,GEORGE I SANCHEZ CHARTER HS SAN AN,1,'20,,A
'149901,LIVE OAK,'149,N,GEORGE WEST ISD,A,'02,,D
'246904,WILLIAMSON,'246,N,GEORGETOWN ISD,A,'13,,
'161925,MCLENNAN,'161,N,GHOLSON ISD,E,'12,EWMNS,
'144901,LEE,'144,N,GIDDINGS ISD,A,'13,UVJS,
'230902,UPSHUR,'230,N,GILMER ISD,A,'07,,D
'101805,HARRIS,'101,Y,GIRLS & BOYS PREP ACADEMY,A,'04,A,
'092901,GREGG,'092,N,GLADEWATER ISD,A,'07,DJS,
'087901,GLASSCOCK,'087,N,GLASSCOCK COUNTY ISD,R,'18,ARUVJEWS,B
'213901,SOMERVELL,'213,N,GLEN ROSE ISD,A,'11,RJWS,D
'126911,JOHNSON,'126,N,GODLEY ISD,A,'11,VJS,
'169906,MONTAGUE,'169,N,GOLD BURG ISD,R,'09,S,
'057835,DALLAS,'057,Y,GOLDEN RULE CHARTER SCHOOL,L,'10,,D
'167901,MILLS,'167,N,GOLDTHWAITE ISD,A,'12,VJW,B
'088902,GOLIAD,'088,N,GOLIAD ISD,R,'03,UVJS,D
'089901,GONZALES,'089,N,GONZALES ISD,A,'13,U,D
'187903,POLK,'187,N,GOODRICH ISD,A,'06,,B
'101911,HARRIS,'101,N,GOOSE CREEK CISD,R,'04,,
'182901,PALO PINTO,'182,N,GORDON ISD,E,'11,UV,
'067904,EASTLAND,'067,N,GORMAN ISD,A,'14,ARUVJW,
'156905,MARTIN,'156,N,GRADY ISD,E,'18,RUVJEWNS,B
'182902,PALO PINTO,'182,N,GRAFORD ISD,R,'11,UVJW,
'252901,YOUNG,'252,N,GRAHAM ISD,R,'09,UVJ,
'111901,HOOD,'111,N,GRANBURY ISD,L,'11,,
'057910,DALLAS,'057,N,GRAND PRAIRIE ISD,A,'10,,
'234904,VAN ZANDT,'234,N,GRAND SALINE ISD,A,'07,RUJS,
'238904,WARD,'238,N,GRANDFALLS-ROYALTY ISD,L,'18,,B
'126904,JOHNSON,'126,N,GRANDVIEW ISD,R,'11,AUVJWMS,
'090905,GRAY,'090,N,GRANDVIEW-HOPKINS ISD,E,'16,EN,
'246905,WILLIAMSON,'246,N,GRANGER ISD,A,'13,RUJ,
'226907,TOM GREEN,'226,N,GRAPE CREEK ISD,L,'15,,
'113902,HOUSTON,'113,N,GRAPELAND ISD,L,'06,,B
'220906,TARRANT,'220,N,GRAPEVINE-COLLEYVILLE ISD,R,'11,PUJES,
'116905,HUNT,'116,N,GREENVILLE ISD,A,'10,,
'165902,MIDLAND,'165,N,GREENWOOD ISD,A,'18,RUJ,B
'205902,SAN PATRICIO,'205,N,GREGORY-PORTLAND ISD,A,'02,UVJW,A
'147902,LIMESTONE,'147,N,GROESBECK ISD,A,'12,JS,
'033901,CARSON,'033,N,GROOM ISD,E,'16,ARUVJEWMS,
'228901,TRINITY,'228,N,GROVETON ISD,R,'06,AS,D
'098901,HANSFORD,'098,N,GRUVER ISD,E,'16,ARUVJEWM,
'015813,BEXAR,'015,Y,GUARDIAN ANGEL PERFORMANCE ARTS AC,X,'20,,
'101843,HARRIS,'101,Y,GULF SHORES ACADEMY,2,'04,,
'091917,GRAYSON,'091,N,GUNTER ISD,E,'10,APRUVJEWMS,B
'047903,COMANCHE,'047,N,GUSTINE ISD,A,'14,U,
'135001,KING,'135,N,GUTHRIE CSD,E,'17,ARUVEMNS,
'095903,HALE,'095,N,HALE CENTER ISD,A,'17,UVEW,
'143901,LAVACA,'143,N,HALLETTSVILLE ISD,R,'03,UVJS,D
'161924,MCLENNAN,'161,N,HALLSBURG ISD,A,'12,AEWM,
'102904,HARRISON,'102,N,HALLSVILLE ISD,R,'07,AV,
'097902,HAMILTON,'097,N,HAMILTON ISD,R,'12,PUJWS,
'127903,JONES,'127,N,HAMLIN ISD,A,'14,VJW,
'057843,DALLAS,'057,Y,HAMPTON PREPARATORY,A,'10,,
'123914,JEFFERSON,'123,N,HAMSHIRE-FANNETT ISD,R,'05,RUVEWMS,
'219901,SWISHER,'219,N,HAPPY ISD,R,'16,AUVJEWM,
'146904,LIBERTY,'146,N,HARDIN ISD,A,'04,RUW,B
'100905,HARDIN,'100,N,HARDIN-JEFFERSON ISD,X,'05,,
'015904,BEXAR,'015,N,HARLANDALE ISD,A,'20,US,
'102905,HARRISON,'102,N,HARLETON ISD,E,'07,UJEWS,
'031903,CAMERON,'031,N,HARLINGEN CISD,A,'01,R,D
'230905,UPSHUR,'230,N,HARMONY ISD,R,'07,ARUVJWS,
'101858,HARRIS,'101,Y,HARMONY SCHOOL OF EXCELLENCE,E,'04,AEWMNS,
'101857,HARRIS,'101,Y,HARMONY SCHOOL OF INNOVATION,E,'04,AEWS,
'101862,HARRIS,'101,Y,HARMONY SCHOOL OF SCIENCE - HOUSTO,E,'04,EWMNS,
'227822,TRAVIS,'227,Y,HARMONY SCHOOL OF SCIENCE AUSTIN,E,'13,AEWNS,
'123806,JEFFERSON,'123,Y,HARMONY SCIENCE ACAD (BEAUMONT),A,'05,,
'021804,BRAZOS,'021,Y,HARMONY SCIENCE ACAD (COLLEGE STAT,R,'06,NS,
'071806,EL PASO,'071,Y,HARMONY SCIENCE ACAD (EL PASO),R,'19,AES,
'220813,TARRANT,'220,Y,HARMONY SCIENCE ACAD (FORT WORTH),E,'11,ADES,
'152805,LUBBOCK,'152,Y,HARMONY SCIENCE ACAD (LUBBOCK),E,'17,,
'015828,BEXAR,'015,Y,HARMONY SCIENCE ACAD (SAN ANTONIO),R,'20,AES,
'161807,MCLENNAN,'161,Y,HARMONY SCIENCE ACAD (WACO),R,'12,ANS,
'101846,HARRIS,'101,Y,HARMONY SCIENCE ACADEMY,E,'04,ADRUVJES,
'227816,TRAVIS,'227,Y,HARMONY SCIENCE ACADEMY (AUSTIN),R,'13,ADRUVEWS,
'031803,CAMERON,'031,Y,HARMONY SCIENCE ACADEMY - BROWNSVI,E,'01,ENS,
'240804,WEBB,'240,Y,HARMONY SCIENCE ACADEMY - LAREDO,A,'01,,
'086902,GILLESPIE,'086,N,HARPER ISD,R,'13,AUVJEWMS,
'244901,WILBARGER,'244,N,HARROLD ISD,A,'09,J,
'035902,CASTRO,'035,N,HART ISD,A,'16,A,
'103902,HARTLEY,'103,N,HARTLEY ISD,A,'16,RJS,
'225907,TITUS,'225,N,HARTS BLUFF ISD,R,'08,AN,
'104901,HASKELL,'104,N,HASKELL CISD,A,'14,UVWS,
'250902,WOOD,'250,N,HAWKINS ISD,R,'07,UVJ,
'127904,JONES,'127,N,HAWLEY ISD,R,'14,UVJS,
'105906,HAYS,'105,N,HAYS CISD,A,'13,S,
'198905,ROBERTSON,'198,N,HEARNE ISD,A,'06,,B
'065902,DONLEY,'065,N,HEDLEY ISD,R,'16,ARUVJW,
'202903,SABINE,'202,N,HEMPHILL ISD,A,'07,JWS,
'237902,WALLER,'237,N,HEMPSTEAD ISD,L,'04,,D
'201902,RUSK,'201,N,HENDERSON ISD,R,'07,J,B
'039902,CLAY,'039,N,HENRIETTA ISD,E,'09,UJEM,
'059901,DEAF SMITH,'059,N,HEREFORD ISD,A,'16,,
'208901,SCURRY,'208,N,HERMLEIGH ISD,A,'14,U,
'097903,HAMILTON,'097,N,HICO ISD,R,'12,U,D
'108905,HIDALGO,'108,N,HIDALGO ISD,R,'01,ADR,B
'148903,LIPSCOMB,'148,N,HIGGINS ISD,A,'16,J,
'015803,BEXAR,'015,Y,HIGGS CARTER KING GIFTED & TALENTE,1,'20,ARWS,
'084903,GALVESTON,'084,N,HIGH ISLAND ISD,R,'05,S,
'177905,NOLAN,'177,N,HIGHLAND ISD,E,'14,CVJEWMS,
'057911,DALLAS,'057,N,HIGHLAND PARK ISD,E,'10,ADPCRUVJEWMNS,
'188903,POTTER,'188,N,HIGHLAND PARK ISD,R,'16,W,
'109904,HILL,'109,N,HILLSBORO ISD,A,'12,U,
'084908,GALVESTON,'084,N,HITCHCOCK ISD,X,'04,,
'014905,BELL,'014,N,HOLLAND ISD,R,'12,UVEM,
'005902,ARCHER,'005,N,HOLLIDAY ISD,E,'09,PUVJEWNS,A
'163904,MEDINA,'163,N,HONDO ISD,A,'20,J,D
'074907,FANNIN,'074,N,HONEY GROVE ISD,R,'10,VJS,A
'057825,DALLAS,'057,Y,HONORS ACADEMY,1,'10,,
'019902,BOWIE,'019,N,HOOKS ISD,A,'08,,
'101851,HARRIS,'101,Y,HOUSTON ALTERNATIVE PREPARATORY CH,L,'04,,D
'101812,HARRIS,'101,Y,HOUSTON CAN ACADEMY CHARTER SCHOOL,2,'04,,H
'101828,HARRIS,'101,Y,HOUSTON GATEWAY ACADEMY INC,R,'04,A,D
'101821,HARRIS,'101,Y,HOUSTON HEIGHTS HIGH SCHOOL,1,'04,AD,D
'101829,HARRIS,'101,Y,HOUSTON HEIGHTS LEARNING ACADEMY I,E,'04,EMN,
'101912,HARRIS,'101,N,HOUSTON ISD,A,'04,,D
'091905,GRAYSON,'091,N,HOWE ISD,R,'10,UVJEWS,D
'019913,BOWIE,'019,N,HUBBARD ISD,E,'08,AEWM,
'109905,HILL,'109,N,HUBBARD ISD,A,'12,J,
'072908,ERATH,'072,N,HUCKABAY ISD,R,'11,ARUVJS,
'003902,ANGELINA,'003,N,HUDSON ISD,R,'07,VWS,
'101925,HARRIS,'101,N,HUFFMAN ISD,R,'04,PRJS,
'034903,CASS,'034,N,HUGHES SPRINGS ISD,A,'08,RS,
'146905,LIBERTY,'146,N,HULL-DAISETTA ISD,A,'04,RU,
'101913,HARRIS,'101,N,HUMBLE ISD,A,'04,,
'133902,KERR,'133,N,HUNT ISD,R,'20,WNS,
'003904,ANGELINA,'003,N,HUNTINGTON ISD,R,'07,,
'236902,WALKER,'236,N,HUNTSVILLE ISD,A,'06,,D
'220916,TARRANT,'220,N,HURST-EULESS-BEDFORD ISD,R,'11,UEWS,
'246906,WILLIAMSON,'246,N,HUTTO ISD,A,'13,,
'152910,LUBBOCK,'152,N,IDALOU ISD,R,'17,UVJS,D
'108807,HIDALGO,'108,Y,IDEA PUBLIC SCHOOLS,R,'01,ADRUVJEWS,
'120905,JACKSON,'120,N,INDUSTRIAL ISD,E,'03,RUVJWS,
'205903,SAN PATRICIO,'205,N,INGLESIDE ISD,A,'02,JS,D
'133904,KERR,'133,N,INGRAM ISD,A,'20,W,
'057830,DALLAS,'057,Y,INSPIRED VISION ACADEMY,A,'10,A,
'093903,GRIMES,'093,N,IOLA ISD,R,'06,DVJ,
'243903,WICHITA,'243,N,IOWA PARK CISD,R,'09,UJES,D
'208903,SCURRY,'208,N,IRA ISD,A,'14,RJW,
'186903,PECOS,'186,N,IRAAN-SHEFFIELD ISD,R,'18,UVJEWS,
'018906,BOSQUE,'018,N,IREDELL ISD,R,'12,UVES,D
'118902,IRION,'118,N,IRION COUNTY ISD,R,'15,UVJEWS,D
'057912,DALLAS,'057,N,IRVING ISD,A,'10,S,
'070907,ELLIS,'070,N,ITALY ISD,A,'10,AUJ,
'109907,HILL,'109,N,ITASCA ISD,R,'12,AUVJW,E
'119902,JACK,'119,N,JACKSBORO ISD,A,'09,RUJ,
'037904,CHEROKEE,'037,N,JACKSONVILLE ISD,A,'07,,D
'101822,HARRIS,'101,Y,JAMIE'S HOUSE CHARTER SCHOOL,1,'04,RVJ,
'246907,WILLIAMSON,'246,N,JARRELL ISD,R,'13,PRVJS,
'121904,JASPER,'121,N,JASPER ISD,A,'05,J,B
'132902,KENT,'132,N,JAYTON-GIRARD ISD,R,'17,ADRUVJWS,
'057819,DALLAS,'057,Y,JEAN MASSIEU ACADEMY,L,'10,,E
'155901,MARION,'155,N,JEFFERSON ISD,A,'08,W,F
'101831,HARRIS,'101,Y,JESSE JACKSON ACADEMY,1,'04,R,F
'124901,JIM HOGG,'124,N,JIM HOGG COUNTY ISD,A,'01,UJ,D
'221911,TAYLOR,'221,N,JIM NED CISD,R,'14,UVJEWMN,
'210902,SHELBY,'210,N,JOAQUIN ISD,E,'07,VJENS,
'015808,BEXAR,'015,Y,JOHN H WOOD JR PUBLIC CHARTER DIST,3,'20,,
'016901,BLANCO,'016,N,JOHNSON CITY ISD,R,'13,UJW,D
'050909,CORYELL,'050,N,JONESBORO ISD,A,'12,UV,
'126905,JOHNSON,'126,N,JOSHUA ISD,A,'11,VJS,
'007902,ATASCOSA,'007,N,JOURDANTON ISD,R,'20,W,
'101852,HARRIS,'101,Y,JUAN B GALAVIZ CHARTER SCHOOL,2,'04,,
'015822,BEXAR,'015,Y,JUBILEE ACADEMIC CENTER,A,'20,DR,B
'015916,BEXAR,'015,N,JUDSON ISD,L,'20,,
'134901,KIMBLE,'134,N,JUNCTION ISD,R,'15,AUJEWS,
'102901,HARRISON,'102,N,KARNACK ISD,E,'07,DW,
'128901,KARNES,'128,N,KARNES CITY ISD,R,'03,AUJEWS,D
'105801,HAYS,'105,Y,KATHERINE ANNE PORTER SCHOOL,A,'13,PJS,B
'101914,HARRIS,'101,N,KATY ISD,R,'04,WS,
'129903,KAUFMAN,'129,N,KAUFMAN ISD,A,'10,UJS,
'126906,JOHNSON,'126,N,KEENE ISD,R,'11,UVJEMS,
'220907,TARRANT,'220,N,KELLER ISD,R,'11,UEWS,
'242905,WHEELER,'242,N,KELTON ISD,A,'16,E,
'129904,KAUFMAN,'129,N,KEMP ISD,A,'10,,D
'079908,FORT BEND,'079,N,KENDLETON ISD,L,'04,,
'131001,KENEDY,'131,N,KENEDY COUNTY WIDE CSD,R,'02,AWMN,
'128902,KARNES,'128,N,KENEDY ISD,A,'03,,D
'113906,HOUSTON,'113,N,KENNARD ISD,A,'06,,
'220914,TARRANT,'220,N,KENNEDALE ISD,R,'11,UES,
'175907,NAVARRO,'175,N,KERENS ISD,A,'12,S,
'248901,WINKLER,'248,N,KERMIT ISD,A,'18,,D
'133903,KERR,'133,N,KERRVILLE ISD,R,'20,JWS,
'092902,GREGG,'092,N,KILGORE ISD,A,'07,,B
'014906,BELL,'014,N,KILLEEN ISD,A,'12,S,
'137901,KLEBERG,'137,N,KINGSVILLE ISD,L,'02,,B
'015826,BEXAR,'015,Y,KIPP ASPIRE ACADEMY,R,'20,AEWMS,
'227820,TRAVIS,'227,Y,KIPP AUSTIN PUBLIC SCHOOLS INC,R,'13,AEWMNS,D
'101813,HARRIS,'101,Y,KIPP INC CHARTER,R,'04,ADRUVJEWMS,
'101860,HARRIS,'101,Y,KIPP SOUTHEAST HOUSTON,A,'04,AW,
'057837,DALLAS,'057,Y,KIPP TRUTH ACADEMY,R,'10,AS,
'121905,JASPER,'121,N,KIRBYVILLE CISD,A,'05,,D
'101915,HARRIS,'101,N,KLEIN ISD,R,'04,S,
'058905,DAWSON,'058,N,KLONDIKE ISD,R,'17,RUVJWS,D
'232901,UVALDE,'232,N,KNIPPA ISD,R,'20,ARUVJEWMS,D
'138902,KNOX,'138,N,KNOX CITY-O'BRIEN CISD,A,'09,UJW,
'018907,BOSQUE,'018,N,KOPPERL ISD,R,'12,UV,
'100903,HARDIN,'100,N,KOUNTZE ISD,A,'05,UV,B
'219905,SWISHER,'219,N,KRESS ISD,A,'16,,
'061905,DENTON,'061,N,KRUM ISD,R,'11,UVJ,
'057839,DALLAS,'057,Y,LA ACADEMIA DE ESTRELLAS,1,'10,A,
'101833,HARRIS,'101,Y,LA AMISTAD LOVE & LEARNING ACADEMY,X,'04,,
'015811,BEXAR,'015,Y,LA ESCUELA DE LAS AMERICAS,A,'20,AM,
'071807,EL PASO,'071,Y,LA FE PREPARATORY SCHOOL,X,'19,,
'031905,CAMERON,'031,N,LA FERIA ISD,A,'01,AUW,
'125906,JIM WELLS,'125,N,LA GLORIA ISD,R,'02,,
'075902,FAYETTE,'075,N,LA GRANGE ISD,A,'13,PCVJW,A
'108912,HIDALGO,'108,N,LA JOYA ISD,A,'01,DRS,B
'084904,GALVESTON,'084,N,LA MARQUE ISD,A,'04,,B
'101916,HARRIS,'101,N,LA PORTE ISD,A,'04,S,
'254902,ZAVALA,'254,N,LA PRYOR ISD,A,'20,R,B
'161906,MCLENNAN,'161,N,LA VEGA ISD,L,'12,,D
'247903,WILSON,'247,N,LA VERNIA ISD,R,'20,J,
'108914,HIDALGO,'108,N,LA VILLA ISD,A,'01,R,B
'015913,BEXAR,'015,N,LACKLAND ISD,R,'20,AUVJEWMS,
'227912,TRAVIS,'227,N,LAGO VISTA ISD,R,'13,PUVJEWS,
'061912,DENTON,'061,N,LAKE DALLAS ISD,R,'11,PUJ,
'227913,TRAVIS,'227,N,LAKE TRAVIS ISD,A,'13,PCUVJES,
'220910,TARRANT,'220,N,LAKE WORTH ISD,A,'11,V,
'079901,FORT BEND,'079,N,LAMAR CISD,A,'04,S,
'058906,DAWSON,'058,N,LAMESA ISD,A,'17,R,
'141901,LAMPASAS,'141,N,LAMPASAS ISD,A,'12,S,B
'057913,DALLAS,'057,N,LANCASTER ISD,L,'10,,B
'201903,RUSK,'201,N,LANEVILLE ISD,A,'07,UJ,H
'107910,HENDERSON,'107,N,LAPOYNOR ISD,R,'07,RUVJEWS,
'240901,WEBB,'240,N,LAREDO ISD,A,'01,DR,B
'245901,WILLACY,'245,N,LASARA ISD,R,'01,AWMS,
'113905,HOUSTON,'113,N,LATEXO ISD,R,'06,RUVJS,
'185904,PARMER,'185,N,LAZBUDDIE ISD,R,'16,ARJW,
'193902,REAL,'193,N,LEAKEY ISD,R,'20,UJW,
'246913,WILLIAMSON,'246,N,LEANDER ISD,R,'13,UJES,
'019914,BOWIE,'019,N,LEARY ISD,R,'08,AES,
'090902,GRAY,'090,N,LEFORS ISD,A,'16,DRU,
'187906,POLK,'187,N,LEGGETT ISD,A,'06,,
'145911,LEON,'145,N,LEON ISD,R,'06,,
'074909,FANNIN,'074,N,LEONARD ISD,R,'10,AUVJS,
'110902,HOCKLEY,'110,N,LEVELLAND ISD,A,'17,,
'201904,RUSK,'201,N,LEVERETTS CHAPEL ISD,R,'07,EWS,D
'061902,DENTON,'061,N,LEWISVILLE ISD,R,'11,AUVJS,
'144902,LEE,'144,N,LEXINGTON ISD,R,'13,RUJS,D
'246908,WILLIAMSON,'246,N,LIBERTY HILL ISD,R,'13,PRUVJWMS,
'146906,LIBERTY,'146,N,LIBERTY ISD,A,'04,R,B
'019908,BOWIE,'019,N,LIBERTY-EYLAU ISD,R,'08,,D
'057807,DALLAS,'057,Y,LIFE SCHOOL,A,'10,AR,
'015825,BEXAR,'015,Y,LIGHTHOUSE CHARTER SCHOOL,A,'20,,
'212903,SMITH,'212,N,LINDALE ISD,R,'07,UVEWS,
'034905,CASS,'034,N,LINDEN-KILDARE CISD,A,'08,JW,B
'049907,COOKE,'049,N,LINDSAY ISD,E,'11,ADCRUVJEWMNS,
'072909,ERATH,'072,N,LINGLEVILLE ISD,R,'11,ARUVJES,
'111902,HOOD,'111,N,LIPAN ISD,R,'11,UVS,
'181908,ORANGE,'181,N,LITTLE CYPRESS-MAURICEVILLE CISD,A,'05,RJS,
'061914,DENTON,'061,N,LITTLE ELM ISD,R,'11,,
'140904,LAMB,'140,N,LITTLEFIELD ISD,A,'17,W,D
'187907,POLK,'187,N,LIVINGSTON ISD,A,'06,S,
'150901,LLANO,'150,N,LLANO ISD,R,'13,UVJ,
'028902,CALDWELL,'028,N,LOCKHART ISD,R,'13,,B
'077902,FLOYD,'077,N,LOCKNEY ISD,A,'17,AUV,D
'160905,MCCULLOCH,'160,N,LOHN ISD,A,'15,ARJ,D
'141902,LAMPASAS,'141,N,LOMETA ISD,A,'12,AUVJ,B
'178906,NUECES,'178,N,LONDON ISD,E,'02,AEWMNS,
'116906,HUNT,'116,N,LONE OAK ISD,E,'10,UVJEWMNS,
'092903,GREGG,'092,N,LONGVIEW ISD,A,'07,,H
'083902,GAINES,'083,N,LOOP ISD,R,'17,ADUVJEWMS,
'168902,MITCHELL,'168,N,LORAINE ISD,A,'14,R,
'161907,MCLENNAN,'161,N,LORENA ISD,R,'12,PUVJ,
'054902,CROSBY,'054,N,LORENZO ISD,A,'17,J,B
'031906,CAMERON,'031,N,LOS FRESNOS CISD,R,'01,ADRVWMS,D
'241906,WHARTON,'241,N,LOUISE ISD,A,'03,AUVW,
'043919,COLLIN,'043,N,LOVEJOY ISD,E,'10,AUVEWMNS,
'113903,HOUSTON,'113,N,LOVELADY ISD,R,'06,UVJ,
'152901,LUBBOCK,'152,N,LUBBOCK ISD,A,'17,,
'152906,LUBBOCK,'152,N,LUBBOCK-COOPER ISD,R,'17,AUVJEWS,
'127905,JONES,'127,N,LUEDERS-AVOCA ISD,R,'14,UVS,B
'003903,ANGELINA,'003,N,LUFKIN ISD,A,'07,,D
'028903,CALDWELL,'028,N,LULING ISD,L,'13,,B
'100907,HARDIN,'100,N,LUMBERTON ISD,R,'05,UJS,
'245902,WILLACY,'245,N,LYFORD CISD,R,'01,RS,B
'007904,ATASCOSA,'007,N,LYTLE ISD,A,'20,A,
'129905,KAUFMAN,'129,N,MABANK ISD,E,'10,UVJEWS,
'154901,MADISON,'154,N,MADISONVILLE CISD,A,'06,V,B
'170906,MONTGOMERY,'170,N,MAGNOLIA ISD,A,'06,S,
'084801,GALVESTON,'084,Y,MAINLAND PREPARATORY ACADEMY,A,'04,AEWS,
'107906,HENDERSON,'107,N,MALAKOFF ISD,A,'07,UJ,
'109908,HILL,'109,N,MALONE ISD,A,'12,AEWMS,
'019910,BOWIE,'019,N,MALTA ISD,R,'08,AEM,D
'227907,TRAVIS,'227,N,MANOR ISD,A,'13,,
'220908,TARRANT,'220,N,MANSFIELD ISD,A,'11,US,
'022902,BREWSTER,'022,N,MARATHON ISD,R,'18,WS,
'027904,BURNET,'027,N,MARBLE FALLS ISD,A,'13,,
'189901,PRESIDIO,'189,N,MARFA ISD,A,'18,W,A
'094904,GUADALUPE,'094,N,MARION ISD,A,'13,J,
'073903,FALLS,'073,N,MARLIN ISD,A,'12,,L
'102902,HARRISON,'102,N,MARSHALL ISD,A,'07,,B
'161908,MCLENNAN,'161,N,MART ISD,A,'12,AUV,B
'234905,VAN ZANDT,'234,N,MARTINS MILL ISD,R,'07,ARUVJNS,
'174909,NACOGDOCHES,'174,N,MARTINSVILLE ISD,R,'07,AVJWS,
'157901,MASON,'157,N,MASON ISD,E,'15,ARUVJEWS,
'158904,MATAGORDA,'158,N,MATAGORDA ISD,R,'03,A,
'205904,SAN PATRICIO,'205,N,MATHIS ISD,A,'02,RU,A
'019903,BOWIE,'019,N,MAUD ISD,E,'08,UVJWS,
'025905,BROWN,'025,N,MAY ISD,A,'15,UVENS,
'070915,ELLIS,'070,N,MAYPEARL ISD,R,'10,ARUJ,
'108906,HIDALGO,'108,N,MCALLEN ISD,A,'01,RVJWS,D
'231901,UPTON,'231,N,MCCAMEY ISD,A,'18,U,D
'011905,BASTROP,'011,N,MCDADE ISD,A,'13,AS,
'161909,MCLENNAN,'161,N,MCGREGOR ISD,A,'12,AV,
'043907,COLLIN,'043,N,MCKINNEY ISD,A,'10,S,
'090903,GRAY,'090,N,MCLEAN ISD,R,'16,RUVEWS,
'034906,CASS,'034,N,MCLEOD ISD,E,'08,VJS,
'162904,MCMULLEN,'162,N,MCMULLEN COUNTY ISD,R,'02,AUJW,
'223902,TERRY,'223,N,MEADOW ISD,R,'17,ARUVJ,
'130801,KENDALL,'130,Y,MEADOWLAND CHARTER SCHOOL,1,'20,,
'101801,HARRIS,'101,Y,MEDICAL CENTER CHARTER SCHOOL,E,'04,AEW,D
'010901,BANDERA,'010,N,MEDINA ISD,R,'20,AVJWS,B
'163908,MEDINA,'163,N,MEDINA VALLEY ISD,R,'20,RW,
'043908,COLLIN,'043,N,MELISSA ISD,R,'10,RUVJWS,
'096904,HALL,'096,N,MEMPHIS ISD,R,'16,RVS,
'164901,MENARD,'164,N,MENARD ISD,A,'15,AUE,
'108907,HIDALGO,'108,N,MERCEDES ISD,A,'01,R,L
'018902,BOSQUE,'018,N,MERIDIAN ISD,R,'12,AJ,B
'221904,TAYLOR,'221,N,MERKEL ISD,A,'14,RVS,B
'057914,DALLAS,'057,N,MESQUITE ISD,A,'10,A,B
'220808,TARRANT,'220,Y,METRO ACADEMY OF MATH AND SCIENCE,A,'11,,
'147903,LIMESTONE,'147,N,MEXIA ISD,A,'12,,D
'101855,HARRIS,'101,Y,MEYERPARK ELEMENTARY,A,'04,WN,
'062906,DEWITT,'062,N,MEYERSVILLE ISD,R,'03,AREMNS,
'197902,ROBERTS,'197,N,MIAMI ISD,E,'16,ARVJEMNS,
'108804,HIDALGO,'108,Y,MID-VALLEY ACADEMY,2,'01,,D
'165802,MIDLAND,'165,Y,MIDLAND ACADEMY CHARTER SCHOOL,R,'18,RUVJS,
'165901,MIDLAND,'165,N,MIDLAND ISD,L,'18,,
'070908,ELLIS,'070,N,MIDLOTHIAN ISD,A,'10,UVJWS,
'039905,CLAY,'039,N,MIDWAY ISD,R,'09,ARJM,B
'161903,MCLENNAN,'161,N,MIDWAY ISD,A,'12,UVEWS,
'166903,MILAM,'166,N,MILANO ISD,R,'06,AVWS,D
'175910,NAVARRO,'175,N,MILDRED ISD,A,'12,UVJ,D
'200902,RUNNELS,'200,N,MILES ISD,R,'15,VJS,
'070909,ELLIS,'070,N,MILFORD ISD,R,'10,ARUVS,D
'112907,HOPKINS,'112,N,MILLER GROVE ISD,R,'08,JW,
'184904,PARKER,'184,N,MILLSAP ISD,R,'11,AV,D
'250903,WOOD,'250,N,MINEOLA ISD,A,'07,VJW,D
'182903,PALO PINTO,'182,N,MINERAL WELLS ISD,R,'11,S,
'108908,HIDALGO,'108,N,MISSION CISD,R,'01,RW,B
'238902,WARD,'238,N,MONAHANS-WICKETT-PYOTE ISD,A,'18,W,
'169908,MONTAGUE,'169,N,MONTAGUE ISD,R,'09,AEW,
'108915,HIDALGO,'108,N,MONTE ALTO ISD,R,'01,AS,D
'170903,MONTGOMERY,'170,N,MONTGOMERY ISD,A,'06,PUW,
'161910,MCLENNAN,'161,N,MOODY ISD,A,'12,UJ,D
'209902,SHACKELFORD,'209,N,MORAN ISD,R,'14,AUVS,D
'018903,BOSQUE,'018,N,MORGAN ISD,R,'12,VE,B
'072910,ERATH,'072,N,MORGAN MILL ISD,R,'11,AEWMNS,
'040901,COCHRAN,'040,N,MORTON ISD,A,'17,,D
'173901,MOTLEY,'173,N,MOTLEY COUNTY ISD,R,'17,AR,B
'143902,LAVACA,'143,N,MOULTON ISD,R,'03,ADRUVJWNS,
'109910,HILL,'109,N,MOUNT CALM ISD,A,'12,A,
'201907,RUSK,'201,N,MOUNT ENTERPRISE ISD,A,'07,AUJ,B
'225902,TITUS,'225,N,MOUNT PLEASANT ISD,A,'08,,
'080901,FRANKLIN,'080,N,MOUNT VERNON ISD,R,'08,UVW,
'049902,COOKE,'049,N,MUENSTER ISD,E,'11,APUVJEWMNS,
'009901,BAILEY,'009,N,MULESHOE ISD,L,'17,,
'167902,MILLS,'167,N,MULLIN ISD,A,'12,VJ,D
'198906,ROBERTSON,'198,N,MUMFORD ISD,E,'06,ADUVEWS,D
'138903,KNOX,'138,N,MUNDAY CISD,L,'09,,D
'107908,HENDERSON,'107,N,MURCHISON ISD,R,'07,E,
'174904,NACOGDOCHES,'174,N,NACOGDOCHES ISD,A,'07,,B
'163903,MEDINA,'163,N,NATALIA ISD,R,'20,EWNS,
'094903,GUADALUPE,'094,N,NAVARRO ISD,A,'13,UVJW,
'093904,GRIMES,'093,N,NAVASOTA ISD,A,'06,,B
'035903,CASTRO,'035,N,NAZARETH ISD,E,'16,ADCRUVJEWMNS,
'001906,ANDERSON,'001,N,NECHES ISD,R,'07,AUWS,
'123905,JEFFERSON,'123,N,NEDERLAND ISD,A,'05,VJWS,B
'079906,FORT BEND,'079,N,NEEDVILLE ISD,R,'04,MS,
'019905,BOWIE,'019,N,NEW BOSTON ISD,A,'08,UVJ,B
'046901,COMAL,'046,N,NEW BRAUNFELS ISD,A,'13,PS,
'170908,MONTGOMERY,'170,N,NEW CANEY ISD,R,'06,S,
'152902,LUBBOCK,'152,N,NEW DEAL ISD,R,'17,ARUVJS,
'230906,UPSHUR,'230,N,NEW DIANA ISD,A,'07,UVJWS,D
'015805,BEXAR,'015,Y,NEW FRONTIERS CHARTER SCHOOL,A,'20,,
'153905,LYNN,'153,N,NEW HOME ISD,R,'17,DUVJW,B
'037908,CHEROKEE,'037,N,NEW SUMMERFIELD ISD,R,'07,ARV,
'236901,WALKER,'236,N,NEW WAVERLY ISD,A,'06,,
'252902,YOUNG,'252,N,NEWCASTLE ISD,E,'09,AUVJEMNS,
'176902,NEWTON,'176,N,NEWTON ISD,A,'05,,
'089903,GONZALES,'089,N,NIXON-SMILEY CISD,A,'13,RS,
'169902,MONTAGUE,'169,N,NOCONA ISD,R,'09,RUVJS,
'062902,DEWITT,'062,N,NORDHEIM ISD,A,'03,UWS,D
'145906,LEON,'145,N,NORMANGEE ISD,R,'06,RVJS,
'015910,BEXAR,'015,N,NORTH EAST ISD,R,'20,S,
'101909,HARRIS,'101,N,NORTH FOREST ISD,L,'04,,E
'057803,DALLAS,'057,Y,NORTH HILLS PREPARATORY SCHOOL,E,'10,ADPCRUVJEWMNS,
'112906,HOPKINS,'112,N,NORTH HOPKINS ISD,A,'08,US,
'101834,HARRIS,'101,Y,NORTH HOUSTON H S FOR BUSINESS,2,'04,,
'139911,LAMAR,'139,N,NORTH LAMAR ISD,R,'08,J,D
'154903,MADISON,'154,N,NORTH ZULCH ISD,A,'06,UJS,
'015915,BEXAR,'015,N,NORTHSIDE ISD,R,'20,UJS,
'244905,WILBARGER,'244,N,NORTHSIDE ISD,A,'09,ARUJS,
'061911,DENTON,'061,N,NORTHWEST ISD,R,'11,RJS,
'101848,HARRIS,'101,Y,NORTHWEST PREPARATORY,A,'04,AS,
'057809,DALLAS,'057,Y,NOVA ACADEMY,R,'10,A,
'057827,DALLAS,'057,Y,NOVA ACADEMY (SOUTHEAST),R,'10,,
'042906,COLEMAN,'042,N,NOVICE ISD,L,'15,,
'069902,EDWARDS,'069,N,NUECES CANYON CISD,R,'15,UJ,
'235904,VICTORIA,'235,N,NURSERY ISD,R,'03,EN,D
'227804,TRAVIS,'227,Y,NYOS CHARTER SCHOOL,R,'13,ADRUVJWS,
'153903,LYNN,'153,N,O'DONNELL ISD,A,'17,R,
'145907,LEON,'145,N,OAKWOOD ISD,A,'06,,
'205905,SAN PATRICIO,'205,N,ODEM-EDROY ISD,A,'02,,D
'084802,GALVESTON,'084,Y,ODYSSEY ACADEMY INC,R,'04,A,D
'050904,CORYELL,'050,N,OGLESBY ISD,R,'12,RUJ,D
'200906,RUNNELS,'200,N,OLFEN ISD,A,'15,WS,
'252903,YOUNG,'252,N,OLNEY ISD,A,'09,UVJWS,
'140905,LAMB,'140,N,OLTON ISD,A,'17,RJ,
'187910,POLK,'187,N,ONALASKA ISD,R,'06,J,B
'108801,HIDALGO,'108,Y,ONE STOP MULTISERVICE CHARTER SCHO,2,'01,,
'125903,JIM WELLS,'125,N,ORANGE GROVE ISD,A,'02,UWS,D
'181905,ORANGE,'181,N,ORANGEFIELD ISD,R,'05,UVJ,
'230903,UPSHUR,'230,N,ORE CITY ISD,E,'07,V,
'014804,BELL,'014,Y,ORENDA CHARTER SCHOOL,2,'12,,
'235801,VICTORIA,'235,Y,OUTREACH ACADEMY,A,'03,,
'201908,RUSK,'201,N,OVERTON ISD,A,'07,R,D
'051901,COTTLE,'051,N,PADUCAH ISD,A,'17,,D
'104907,HASKELL,'104,N,PAINT CREEK ISD,R,'14,EWMNS,
'048903,CONCHO,'048,N,PAINT ROCK ISD,R,'15,UVJS,
'158905,MATAGORDA,'158,N,PALACIOS ISD,R,'03,ARUVJEWM,
'001907,ANDERSON,'001,N,PALESTINE ISD,A,'07,,L
'070910,ELLIS,'070,N,PALMER ISD,R,'10,UVJE,
'182906,PALO PINTO,'182,N,PALO PINTO ISD,E,'11,AEWMN,
'090904,GRAY,'090,N,PAMPA ISD,A,'16,,
'033902,CARSON,'033,N,PANHANDLE ISD,R,'16,AUJS,D
'183801,PANOLA,'183,Y,PANOLA CHARTER SCHOOL,1,'07,,D
'042905,COLEMAN,'042,N,PANTHER CREEK CISD,R,'15,UVJEWMS,
'072801,ERATH,'072,Y,PARADIGM ACCELERATED CHARTER SCHOO,1,'11,,D
'249906,WISE,'249,N,PARADISE ISD,R,'11,RUJWS,
'139909,LAMAR,'139,N,PARIS ISD,L,'08,,D
'101917,HARRIS,'101,N,PASADENA ISD,A,'04,,
'071803,EL PASO,'071,Y,PASO DEL NORTE,1,'19,DR,B
'063906,DICKENS,'063,N,PATTON SPRINGS ISD,E,'17,ADRUVEWMS,D
'013902,BEE,'013,N,PAWNEE ISD,R,'02,ANS,
'057838,DALLAS,'057,Y,PEAK PREPARATORY SCHOOL,E,'10,AUVEWMS,
'020908,BRAZORIA,'020,N,PEARLAND ISD,R,'04,UWS,
'082903,FRIO,'082,N,PEARSALL ISD,L,'20,,L
'184908,PARKER,'184,N,PEASTER ISD,R,'11,PVJ,
'195901,REEVES,'195,N,PECOS-BARSTOW-TOYAH ISD,A,'18,,D
'057802,DALLAS,'057,Y,PEGASUS SCHOOL OF LIBERAL ARTS AND,1,'10,ADRUVJS,
'109914,HILL,'109,N,PENELOPE ISD,A,'12,ARJW,
'119903,JACK,'119,N,PERRIN-WHITT CISD,A,'09,PRUVJWS,
'179901,OCHILTREE,'179,N,PERRYTON ISD,A,'16,AVJ,H
'095904,HALE,'095,N,PETERSBURG ISD,A,'17,ARVW,B
'039903,CLAY,'039,N,PETROLIA ISD,E,'09,UMNS,
'013903,BEE,'013,N,PETTUS ISD,A,'02,VJW,
'172905,MORRIS,'172,N,PEWITT CISD,A,'08,J,B
'227904,TRAVIS,'227,N,PFLUGERVILLE ISD,A,'13,S,
'108909,HIDALGO,'108,N,PHARR-SAN JUAN-ALAMO ISD,A,'01,DRW,D
'116801,HUNT,'116,Y,PHOENIX CHARTER SCHOOL,A,'10,R,D
'061903,DENTON,'061,N,PILOT POINT ISD,A,'11,UVJS,
'092904,GREGG,'092,N,PINE TREE ISD,A,'07,,F
'003801,ANGELINA,'003,Y,PINEYWOODS COMMUNITY ACADEMY,A,'07,S,
'032902,CAMP,'032,N,PITTSBURG ISD,R,'08,,B
'251902,YOAKUM,'251,N,PLAINS ISD,R,'17,ARUVJES,B
'095905,HALE,'095,N,PLAINVIEW ISD,A,'17,,A
'043910,COLLIN,'043,N,PLANO ISD,A,'10,APJS,
'019912,BOWIE,'019,N,PLEASANT GROVE ISD,R,'08,UVJEW,B
'007905,ATASCOSA,'007,N,PLEASANTON ISD,A,'20,,A
'117904,HUTCHINSON,'117,N,PLEMONS-STINNETT-PHILLIPS CISD,R,'16,UVJWS,
'031909,CAMERON,'031,N,POINT ISABEL ISD,R,'01,DRUWS,B
'061906,DENTON,'061,N,PONDER ISD,R,'11,UVJS,D
'184901,PARKER,'184,N,POOLVILLE ISD,R,'11,S,
'015801,BEXAR,'015,Y,POR VIDA ACADEMY,1,'20,,L
'178908,NUECES,'178,N,PORT ARANSAS ISD,E,'02,DPCUJWS,
'123907,JEFFERSON,'123,N,PORT ARTHUR ISD,A,'05,R,H
'123908,JEFFERSON,'123,N,PORT NECHES-GROVES ISD,R,'05,JWS,
'015814,BEXAR,'015,Y,POSITIVE SOLUTIONS CHARTER SCHOOL,1,'20,,D
'085902,GARZA,'085,N,POST ISD,R,'17,PUJW,
'007906,ATASCOSA,'007,N,POTEET ISD,A,'20,U,B
'247904,WILSON,'247,N,POTH ISD,R,'20,UVJW,A
'091913,GRAYSON,'091,N,POTTSBORO ISD,R,'10,UJEWS,
'028906,CALDWELL,'028,N,PRAIRIE LEA ISD,A,'13,ARUV,
'169909,MONTAGUE,'169,N,PRAIRIE VALLEY ISD,E,'09,AUVJEWMNS,B
'139912,LAMAR,'139,N,PRAIRILAND ISD,A,'08,VJEWS,
'125905,JIM WELLS,'125,N,PREMONT ISD,L,'02,,F
'189902,PRESIDIO,'189,N,PRESIDIO ISD,R,'18,PRS,B
'167904,MILLS,'167,N,PRIDDY ISD,A,'12,ACUVJEMS,
'043911,COLLIN,'043,N,PRINCETON ISD,R,'10,UWS,
'098903,HANSFORD,'098,N,PRINGLE-MORSE CISD,R,'16,AWMNS,
'108910,HIDALGO,'108,N,PROGRESO ISD,R,'01,DRS,D
'043912,COLLIN,'043,N,PROSPER ISD,R,'10,APCRUVJES,
'099903,HARDEMAN,'099,N,QUANAH ISD,A,'09,US,
'034907,CASS,'034,N,QUEEN CITY ISD,A,'08,J,B
'116908,HUNT,'116,N,QUINLAN ISD,L,'10,,D
'250904,WOOD,'250,N,QUITMAN ISD,R,'07,UJWS,D
'015815,BEXAR,'015,Y,RADIANCE ACADEMY OF LEARNING,1,'20,J,
'190903,RAINS,'190,N,RAINS ISD,R,'07,UVJES,
'054903,CROSBY,'054,N,RALLS ISD,A,'17,J,
'066005,DUVAL,'066,N,RAMIREZ CSD,E,'02,WM,
'234801,VAN ZANDT,'234,Y,RANCH ACADEMY,1,'07,AJS,
'015906,BEXAR,'015,N,RANDOLPH FIELD ISD,R,'20,APCUVJEWM,
'067907,EASTLAND,'067,N,RANGER ISD,R,'14,W,A
'231902,UPTON,'231,N,RANKIN ISD,R,'18,ADJWS,D
'161802,MCLENNAN,'161,Y,RAPOPORT ACADEMY PUBLIC SCHOOL,R,'12,UVS,
'101806,HARRIS,'101,Y,RAUL YZAGUIRRE SCHOOL FOR SUCCESS,R,'04,ARV,
'236801,WALKER,'236,Y,RAVEN SCHOOL,3,'06,,
'245903,WILLACY,'245,N,RAYMONDVILLE ISD,A,'01,,
'192901,REAGAN,'192,N,REAGAN COUNTY ISD,A,'18,RUVJ,
'057841,DALLAS,'057,Y,RECONCILIATION ACADEMY,X,'10,,
'019911,BOWIE,'019,N,RED LICK ISD,E,'08,AEWMNS,
'070911,ELLIS,'070,N,RED OAK ISD,A,'10,,
'019906,BOWIE,'019,N,REDWATER ISD,R,'08,UVJ,D
'196903,REFUGIO,'196,N,REFUGIO ISD,L,'03,,D
'221801,TAYLOR,'221,Y,RESPONSIVE EDUCATION SOLUTIONS,1,'14,,
'137902,KLEBERG,'137,N,RICARDO ISD,R,'02,AW,
'045903,COLORADO,'045,N,RICE CISD,A,'03,,D
'175911,NAVARRO,'175,N,RICE ISD,R,'12,AV,
'188801,POTTER,'188,Y,RICHARD MILBURN ACADEMY (AMARILLO),2,'16,,
'123804,JEFFERSON,'123,Y,RICHARD MILBURN ACADEMY (BEAUMONT),1,'05,R,
'068801,ECTOR,'068,Y,RICHARD MILBURN ACADEMY (ECTOR COU,1,'18,,D
'220812,TARRANT,'220,Y,RICHARD MILBURN ACADEMY (FORT WORT,1,'11,,D
'101854,HARRIS,'101,Y,RICHARD MILBURN ACADEMY (SUBURBAN,2,'04,,D
'014801,BELL,'014,Y,RICHARD MILBURN ALTER HIGH SCHOOL,1,'12,,
'178804,NUECES,'178,Y,RICHARD MILBURN ALTER HIGH SCHOOL,1,'02,R,D
'093905,GRIMES,'093,N,RICHARDS ISD,R,'06,UVJ,
'057916,DALLAS,'057,N,RICHARDSON ISD,R,'10,JMS,
'057840,DALLAS,'057,Y,RICHLAND COLLEGIATE HS OF MATH SCI,E,'10,DRUVJES,
'206902,SAN SABA,'206,N,RICHLAND SPRINGS ISD,A,'15,U,D
'161912,MCLENNAN,'161,N,RIESEL ISD,R,'12,AUVJEWS,
'214901,STARR,'214,N,RIO GRANDE CITY CISD,R,'01,RWS,A
'031911,CAMERON,'031,N,RIO HONDO ISD,A,'01,,B
'126907,JOHNSON,'126,N,RIO VISTA ISD,R,'11,JS,
'101853,HARRIS,'101,Y,RIPLEY HOUSE CHARTER SCHOOL,E,'04,AMN,D
'152802,LUBBOCK,'152,Y,RISE ACADEMY,E,'17,AEWMNS,
'067908,EASTLAND,'067,N,RISING STAR ISD,R,'14,AJEWMS,
'188902,POTTER,'188,N,RIVER ROAD ISD,A,'16,RJ,
'194903,RED RIVER,'194,N,RIVERCREST ISD,R,'08,JS,
'137903,KLEBERG,'137,N,RIVIERA ISD,A,'02,R,B
'041902,COKE,'041,N,ROBERT LEE ISD,E,'15,ARVJENS,
'161922,MCLENNAN,'161,N,ROBINSON ISD,A,'12,UVJ,
'178909,NUECES,'178,N,ROBSTOWN ISD,L,'02,,D
'076903,FISHER,'076,N,ROBY CISD,E,'14,ARUVWNS,
'160904,MCCULLOCH,'160,N,ROCHELLE ISD,A,'15,AJS,
'166904,MILAM,'166,N,ROCKDALE ISD,A,'06,VJ,
'069901,EDWARDS,'069,N,ROCKSPRINGS ISD,A,'15,AJ,L
'199901,ROCKWALL,'199,N,ROCKWALL ISD,R,'10,AEWS,
'014907,BELL,'014,N,ROGERS ISD,A,'12,UVJ,D
'214903,STARR,'214,N,ROMA ISD,A,'01,RVS,B
'152908,LUBBOCK,'152,N,ROOSEVELT ISD,R,'17,AJWS,
'110905,HOCKLEY,'110,N,ROPES ISD,A,'17,AUVJW,
'177901,NOLAN,'177,N,ROSCOE ISD,R,'14,S,B
'073905,FALLS,'073,N,ROSEBUD-LOTT ISD,L,'12,,D
'076904,FISHER,'076,N,ROTAN ISD,A,'14,JW,
'246909,WILLIAMSON,'246,N,ROUND ROCK ISD,R,'13,PJS,
'075908,FAYETTE,'075,N,ROUND TOP-CARMINE ISD,E,'13,ADUVJEWNS,
'139908,LAMAR,'139,N,ROXTON ISD,A,'08,AVEW,D
'237905,WALLER,'237,N,ROYAL ISD,A,'04,,A
'199902,ROCKWALL,'199,N,ROYSE CITY ISD,A,'10,UJ,
'104903,HASKELL,'104,N,RULE ISD,A,'14,RUS,
'128903,KARNES,'128,N,RUNGE ISD,R,'03,RVS,
'037907,CHEROKEE,'037,N,RUSK ISD,A,'07,UVJ,D
'091914,GRAYSON,'091,N,S AND S CISD,R,'10,UJS,
'232902,UVALDE,'232,N,SABINAL ISD,A,'20,,
'092906,GREGG,'092,N,SABINE ISD,A,'07,AUVJS,
'123913,JEFFERSON,'123,N,SABINE PASS ISD,E,'05,RUVJEMS,
'227823,TRAVIS,'227,Y,SAILL,A,'13,,G
'169911,MONTAGUE,'169,N,SAINT JO ISD,R,'09,VJWS,
'014908,BELL,'014,N,SALADO ISD,A,'12,ARUVJWS,
'112909,HOPKINS,'112,N,SALTILLO ISD,R,'08,AUVJS,D
'074917,FANNIN,'074,N,SAM RAYBURN ISD,R,'10,UVJEWMNS,
'044904,COLLINGSWORTH,'044,N,SAMNORWOOD ISD,R,'16,ARW,
'226903,TOM GREEN,'226,N,SAN ANGELO ISD,A,'15,S,D
'015817,BEXAR,'015,Y,SAN ANTONIO CAN HIGH SCHOOL,2,'20,,L
'015907,BEXAR,'015,N,SAN ANTONIO ISD,L,'20,,
'015824,BEXAR,'015,Y,SAN ANTONIO PREPARATORY ACADEMY,L,'20,,
'015820,BEXAR,'015,Y,SAN ANTONIO SCHOOL FOR INQUIRY & C,1,'20,AR,B
'015823,BEXAR,'015,Y,SAN ANTONIO TECHNOLOGY ACADEMY,1,'20,,
'203901,SAN AUGUSTINE,'203,N,SAN AUGUSTINE ISD,A,'07,,
'031912,CAMERON,'031,N,SAN BENITO CISD,A,'01,RW,H
'066902,DUVAL,'066,N,SAN DIEGO ISD,A,'02,,B
'071904,EL PASO,'071,N,SAN ELIZARIO ISD,A,'19,AR,L
'233901,VAL VERDE,'233,N,SAN FELIPE-DEL RIO CISD,A,'15,,
'214902,STARR,'214,N,SAN ISIDRO ISD,R,'01,AVEW,
'105902,HAYS,'105,N,SAN MARCOS CISD,L,'13,,
'245904,WILLACY,'245,N,SAN PERLITA ISD,R,'01,US,B
'206901,SAN SABA,'206,N,SAN SABA ISD,A,'15,UJWS,
'022903,BREWSTER,'022,N,SAN VICENTE ISD,A,'18,AEWN,
'058909,DAWSON,'058,N,SANDS CISD,E,'17,AVJWMNS,D
'117903,HUTCHINSON,'117,N,SANFORD-FRITCH ISD,A,'16,W,B
'061908,DENTON,'061,N,SANGER ISD,A,'11,UVJS,
'042903,COLEMAN,'042,N,SANTA ANNA ISD,A,'15,AU,
'084909,GALVESTON,'084,N,SANTA FE ISD,A,'04,,
'137904,KLEBERG,'137,N,SANTA GERTRUDIS ISD,R,'02,RVW,
'031913,CAMERON,'031,N,SANTA MARIA ISD,A,'01,AR,
'031914,CAMERON,'031,N,SANTA ROSA ISD,A,'01,D,
'182904,PALO PINTO,'182,N,SANTO ISD,R,'11,AUVJ,
'074911,FANNIN,'074,N,SAVOY ISD,R,'10,UJEWMS,D
'094902,GUADALUPE,'094,N,SCHERTZ-CIBOLO-U CITY ISD,R,'13,JS,
'207901,SCHLEICHER,'207,N,SCHLEICHER ISD,R,'15,,A
'015806,BEXAR,'015,Y,SCHOOL OF EXCELLENCE IN EDUCATION,A,'20,R,A
'015827,BEXAR,'015,Y,SCHOOL OF SCIENCE AND TECHNOLOGY,L,'20,,
'015831,BEXAR,'015,Y,SCHOOL OF SCIENCE AND TECHNOLOGY D,R,'20,E,
'075903,FAYETTE,'075,N,SCHULENBURG ISD,A,'13,AUVJS,D
'129910,KAUFMAN,'129,N,SCURRY-ROSSER ISD,R,'10,UJWS,
'083901,GAINES,'083,N,SEAGRAVES ISD,A,'17,UJ,A
'008902,AUSTIN,'008,N,SEALY ISD,A,'06,A,
'178802,NUECES,'178,Y,SEASHORE LEARNING CTR CHARTER,E,'02,AEWM,
'178808,NUECES,'178,Y,SEASHORE MIDDLE ACAD,E,'02,AEWMNS,
'094901,GUADALUPE,'094,N,SEGUIN ISD,R,'13,,
'083903,GAINES,'083,N,SEMINOLE ISD,R,'17,JWS,A
'101802,HARRIS,'101,Y,SER-NINOS CHARTER SCHOOL,R,'04,AWMS,
'012901,BAYLOR,'012,N,SEYMOUR ISD,R,'09,UVJWS,
'152909,LUBBOCK,'152,N,SHALLOWATER ISD,R,'17,RUVJS,D
'242902,WHEELER,'242,N,SHAMROCK ISD,A,'16,JS,
'108911,HIDALGO,'108,N,SHARYLAND ISD,R,'01,ARUEWMS,B
'015819,BEXAR,'015,Y,SHEKINAH RADIANCE ACADEMY,1,'20,,B
'210903,SHELBY,'210,N,SHELBYVILLE ISD,A,'07,UJ,
'101924,HARRIS,'101,N,SHELDON ISD,A,'04,,L
'204904,SAN JACINTO,'204,N,SHEPHERD ISD,A,'06,,
'091906,GRAYSON,'091,N,SHERMAN ISD,A,'10,US,
'143903,LAVACA,'143,N,SHINER ISD,R,'03,AUVJW,
'047905,COMANCHE,'047,N,SIDNEY ISD,R,'14,AUVEW,
'115902,HUDSPETH,'115,N,SIERRA BLANCA ISD,A,'19,R,
'100904,HARDIN,'100,N,SILSBEE ISD,A,'05,,
'023902,BRISCOE,'023,N,SILVERTON ISD,E,'16,DRUVJEWMNS,
'019909,BOWIE,'019,N,SIMMS ISD,A,'08,RU,B
'205906,SAN PATRICIO,'205,N,SINTON ISD,R,'02,JS,
'049909,COOKE,'049,N,SIVELLS BEND ISD,E,'11,NS,
'013905,BEE,'013,N,SKIDMORE-TYNAN ISD,E,'02,UVJWS,B
'152903,LUBBOCK,'152,N,SLATON ISD,R,'17,AJS,B
'249908,WISE,'249,N,SLIDELL ISD,R,'11,AJE,D
'001909,ANDERSON,'001,N,SLOCUM ISD,E,'07,UVJEWS,
'011904,BASTROP,'011,N,SMITHVILLE ISD,A,'13,,
'110906,HOCKLEY,'110,N,SMYER ISD,R,'17,ADRJ,
'026903,BURLESON,'026,N,SNOOK ISD,A,'06,VJ,
'208902,SCURRY,'208,N,SNYDER ISD,A,'14,,
'071909,EL PASO,'071,N,SOCORRO ISD,R,'19,RS,
'015909,BEXAR,'015,N,SOMERSET ISD,A,'20,,
'026902,BURLESON,'026,N,SOMERVILLE ISD,A,'06,S,B
'218901,SUTTON,'218,N,SONORA ISD,R,'15,U,B
'152803,LUBBOCK,'152,Y,SOUTH PLAINS,1,'17,,D
'015908,BEXAR,'015,N,SOUTH SAN ANTONIO ISD,L,'20,,
'031916,CAMERON,'031,N,SOUTH TEXAS ISD,E,'01,ADPRUVJEWMS,
'085903,GARZA,'085,N,SOUTHLAND ISD,A,'17,AS,
'015917,BEXAR,'015,N,SOUTHSIDE ISD,A,'20,,
'015912,BEXAR,'015,N,SOUTHWEST ISD,A,'20,,
'015807,BEXAR,'015,Y,SOUTHWEST PREPARATORY SCHOOL,2,'20,,H
'101838,HARRIS,'101,Y,SOUTHWEST SCHOOL,L,'04,,B
'098904,HANSFORD,'098,N,SPEARMAN ISD,R,'16,ARS,D
'170907,MONTGOMERY,'170,N,SPLENDORA ISD,A,'06,S,
'101920,HARRIS,'101,N,SPRING BRANCH ISD,A,'04,S,
'117907,HUTCHINSON,'117,N,SPRING CREEK ISD,E,'16,EMN,
'092907,GREGG,'092,N,SPRING HILL ISD,A,'07,RUVJ,D
'101919,HARRIS,'101,N,SPRING ISD,A,'04,R,
'140907,LAMB,'140,N,SPRINGLAKE-EARTH ISD,A,'17,UJW,B
'184902,PARKER,'184,N,SPRINGTOWN ISD,R,'11,U,B
'063903,DICKENS,'063,N,SPUR ISD,A,'17,UW,
'229905,TYLER,'229,N,SPURGER ISD,R,'05,JS,
'057836,DALLAS,'057,Y,ST ANTHONY SCHOOL,R,'10,A,
'013801,BEE,'013,Y,ST MARY'S ACADEMY CHARTER SCHOOL,E,'02,AEWMN,
'079910,FORT BEND,'079,N,STAFFORD MSD,A,'04,U,L
'127906,JONES,'127,N,STAMFORD ISD,R,'14,UJ,
'156902,MARTIN,'156,N,STANTON ISD,A,'18,VJ,
'227814,TRAVIS,'227,Y,STAR CHARTER SCHOOL,E,'13,AUVJEWMNS,
'167903,MILLS,'167,N,STAR ISD,L,'12,,
'174801,NACOGDOCHES,'174,Y,STEPHEN F AUSTIN STATE UNIVERSITY,E,'07,EWMN,
'072903,ERATH,'072,N,STEPHENVILLE,A,'11,P,
'101859,HARRIS,'101,Y,STEPPING STONES CHARTER EL,E,'04,AM,
'216901,STERLING,'216,N,STERLING CITY ISD,R,'15,AUVJW,B
'247906,WILSON,'247,N,STOCKDALE ISD,R,'20,RJEW,
'211902,SHERMAN,'211,N,STRATFORD ISD,R,'16,ARVJWS,
'182905,PALO PINTO,'182,N,STRAWN ISD,R,'11,AVWS,
'140908,LAMB,'140,N,SUDAN ISD,R,'17,UVJEWS,
'112910,HOPKINS,'112,N,SULPHUR BLUFF ISD,R,'08,AVWS,
'112901,HOPKINS,'112,N,SULPHUR SPRINGS ISD,A,'08,,B
'220816,TARRANT,'220,Y,SUMMIT INTERNATIONAL PREPARATORY,R,'11,S,
'110907,HOCKLEY,'110,N,SUNDOWN ISD,R,'17,UVJEMS,A
'057919,DALLAS,'057,N,SUNNYVALE ISD,E,'10,AEWMNS,
'171902,MOORE,'171,N,SUNRAY ISD,A,'16,ARUVJ,B
'020906,BRAZORIA,'020,N,SWEENY ISD,R,'04,RU,
'143905,LAVACA,'143,N,SWEET HOME ISD,E,'03,AEWMNS,
'177902,NOLAN,'177,N,SWEETWATER ISD,A,'14,,
'205907,SAN PATRICIO,'205,N,TAFT ISD,A,'02,,B
'153904,LYNN,'153,N,TAHOKA ISD,R,'17,RJ,B
'146907,LIBERTY,'146,N,TARKINGTON ISD,A,'04,JS,
'201910,RUSK,'201,N,TATUM ISD,R,'07,UV,
'246911,WILLIAMSON,'246,N,TAYLOR ISD,A,'13,,D
'081904,FREESTONE,'081,N,TEAGUE ISD,A,'12,UJ,B
'108802,HIDALGO,'108,Y,TECHNOLOGY EDUCATION CHARTER HIGH,A,'01,AE,
'123803,JEFFERSON,'123,Y,TEKOA ACADEMY OF ACCELERATED STUDI,R,'05,DMS,B
'014803,BELL,'014,Y,TEMPLE EDUCATION CENTER,1,'12,U,D
'014909,BELL,'014,N,TEMPLE ISD,L,'12,,B
'210904,SHELBY,'210,N,TENAHA ISD,R,'07,V,B
'022004,BREWSTER,'022,N,TERLINGUA CSD,R,'18,RJWS,B
'222901,TERRELL,'222,N,TERRELL COUNTY ISD,R,'18,REW,
'129906,KAUFMAN,'129,N,TERRELL ISD,A,'10,,
'019907,BOWIE,'019,N,TEXARKANA ISD,A,'08,,A
'084906,GALVESTON,'084,N,TEXAS CITY ISD,L,'04,,B
'220814,TARRANT,'220,Y,TEXAS ELEMENTARY SCHOOL OF THE ART,R,'11,EW,
'227805,TRAVIS,'227,Y,TEXAS EMPOWERMENT ACADEMY,A,'13,AS,B
'105802,HAYS,'105,Y,TEXAS PREPARATORY SCHOOL,A,'13,A,
'170801,MONTGOMERY,'170,Y,TEXAS SERENITY ACADEMY,1,'06,,
'211901,SHERMAN,'211,N,TEXHOMA ISD,R,'16,AREM,
'056902,DALLAM,'056,N,TEXLINE ISD,A,'16,RJWS,
'101861,HARRIS,'101,Y,THE RHODES SCHOOL,R,'04,W,
'057821,DALLAS,'057,Y,THE SCHOOL OF LIBERAL ARTS AND SCI,A,'10,ADS,
'101814,HARRIS,'101,Y,THE VARNETT PUBLIC SCHOOL,R,'04,AM,
'166905,MILAM,'166,N,THORNDALE ISD,R,'13,UW,D
'246912,WILLIAMSON,'246,N,THRALL ISD,A,'13,ARJW,
'149902,LIVE OAK,'149,N,THREE RIVERS ISD,A,'02,U,
'072901,ERATH,'072,N,THREE WAY ISD,R,'11,AEWM,
'224901,THROCKMORTON,'224,N,THROCKMORTON ISD,R,'09,ARVJWS,
'158902,MATAGORDA,'158,N,TIDEHAVEN ISD,A,'03,UVJ,D
'210905,SHELBY,'210,N,TIMPSON ISD,R,'07,JS,D
'091907,GRAYSON,'091,N,TIOGA ISD,R,'10,EWMS,
'111903,HOOD,'111,N,TOLAR ISD,R,'11,ARUVJEWM,
'091918,GRAYSON,'091,N,TOM BEAN ISD,R,'10,UVJWNS,
'101921,HARRIS,'101,N,TOMBALL ISD,A,'04,PJS,
'071908,EL PASO,'071,N,TORNILLO ISD,A,'19,ARVMS,B
'014802,BELL,'014,Y,TRANSFORMATIVE CHARTER ACADEMY,1,'12,DR,
'220801,TARRANT,'220,Y,TREETOPS SCHOOL INTERNATIONAL,A,'11,RUVJ,D
'221905,TAYLOR,'221,N,TRENT ISD,A,'14,RUV,
'074912,FANNIN,'074,N,TRENTON ISD,R,'10,VJS,D
'107907,HENDERSON,'107,N,TRINIDAD ISD,A,'07,RS,
'057813,DALLAS,'057,Y,TRINITY BASIN PREPARATORY,A,'10,AS,
'046802,COMAL,'046,Y,TRINITY CHARTER SCHOOL,1,'13,AR,
'228903,TRINITY,'228,N,TRINITY ISD,A,'06,,B
'212904,SMITH,'212,N,TROUP ISD,A,'07,RVJW,D
'014910,BELL,'014,N,TROY ISD,A,'12,VJW,D
'219903,SWISHER,'219,N,TULIA ISD,A,'16,,B
'178912,NUECES,'178,N,TULOSO-MIDWAY ISD,R,'02,S,
'096905,HALL,'096,N,TURKEY-QUITAQUE ISD,A,'16,UWS,
'101840,HARRIS,'101,Y,TWO DIMENSIONS PREPARATORY ACADEMY,E,'04,AEMN,
'212905,SMITH,'212,N,TYLER ISD,A,'07,,D
'230908,UPSHUR,'230,N,UNION GROVE ISD,R,'07,UVJE,
'230904,UPSHUR,'230,N,UNION HILL ISD,A,'07,V,D
'240903,WEBB,'240,N,UNITED ISD,A,'01,R,B
'057808,DALLAS,'057,Y,UNIVERSAL ACADEMY,A,'10,ARV,D
'101807,HARRIS,'101,Y,UNIVERSITY OF HOUSTON CHARTER SCHO,E,'04,EWMN,
'227819,TRAVIS,'227,Y,UNIVERSITY OF TEXAS ELEMENTARY CHA,E,'13,AEMN,
'227806,TRAVIS,'227,Y,UNIVERSITY OF TEXAS UNIVERSITY CHA,1,'13,A,
'232904,UVALDE,'232,N,UTOPIA ISD,E,'20,RUVJEWS,
'232903,UVALDE,'232,N,UVALDE CISD,A,'20,,H
'122902,JEFF DAVIS,'122,N,VALENTINE ISD,A,'18,RUJES,
'018904,BOSQUE,'018,N,VALLEY MILLS ISD,R,'12,UVJS,D
'049903,COOKE,'049,N,VALLEY VIEW ISD,R,'11,VJW,
'108916,HIDALGO,'108,N,VALLEY VIEW ISD,R,'01,ARWMS,B
'091908,GRAYSON,'091,N,VAN ALSTYNE ISD,R,'10,AUVJEWMS,D
'234906,VAN ZANDT,'234,N,VAN ISD,R,'07,RUVES,
'158906,MATAGORDA,'158,N,VAN VLECK ISD,R,'03,JW,
'108808,HIDALGO,'108,Y,VANGUARD ACADEMY,R,'01,AEWMS,
'180902,OLDHAM,'180,N,VEGA ISD,R,'16,ADRVJW,
'126908,JOHNSON,'126,N,VENUS ISD,A,'11,U,
'226908,TOM GREEN,'226,N,VERIBEST ISD,A,'15,ARUVJEWS,
'244903,WILBARGER,'244,N,VERNON ISD,A,'09,,D
'235902,VICTORIA,'235,N,VICTORIA ISD,L,'03,,
'181907,ORANGE,'181,N,VIDOR ISD,R,'05,,D
'143904,LAVACA,'143,N,VYSEHRAD ISD,R,'03,AEMNS,I
'161801,MCLENNAN,'161,Y,WACO CHARTER SCHOOL,R,'12,AN,
'161914,MCLENNAN,'161,N,WACO ISD,L,'12,,
'089905,GONZALES,'089,N,WAELDER ISD,A,'13,V,B
'059902,DEAF SMITH,'059,N,WALCOTT ISD,E,'16,AEW,
'226906,TOM GREEN,'226,N,WALL ISD,R,'15,ACUVJWS,B
'237904,WALLER,'237,N,WALLER ISD,A,'04,S,
'049908,COOKE,'049,N,WALNUT BEND ISD,R,'11,EMS,B
'018905,BOSQUE,'018,N,WALNUT SPRINGS ISD,A,'12,RUV,
'229904,TYLER,'229,N,WARREN ISD,R,'05,UVJ,B
'102903,HARRISON,'102,N,WASKOM ISD,A,'07,U,D
'226905,TOM GREEN,'226,N,WATER VALLEY ISD,E,'15,UVEWMNS,D
'070801,ELLIS,'070,Y,WAXAHACHIE FAITH FAMILY ACADEMY,A,'10,R,
'070912,ELLIS,'070,N,WAXAHACHIE ISD,A,'10,V,
'184903,PARKER,'184,N,WEATHERFORD ISD,R,'11,WS,
'240904,WEBB,'240,N,WEBB CISD,R,'01,RUVJEWMS,
'045905,COLORADO,'045,N,WEIMAR ISD,A,'03,ARUVJ,A
'044902,COLLINGSWORTH,'044,N,WELLINGTON ISD,R,'16,ARJW,
'223904,TERRY,'223,N,WELLMAN-UNION CISD,E,'17,AUVJWNS,D
'037909,CHEROKEE,'037,N,WELLS ISD,A,'07,VWS,
'108913,HIDALGO,'108,N,WESLACO ISD,R,'01,AWMS,B
'100908,HARDIN,'100,N,WEST HARDIN COUNTY CISD,A,'05,VS,D
'101803,HARRIS,'101,Y,WEST HOUSTON CHARTER SCHOOL,R,'04,EWN,
'161916,MCLENNAN,'161,N,WEST ISD,R,'12,RVJWS,
'181906,ORANGE,'181,N,WEST ORANGE-COVE CISD,L,'05,,H
'178915,NUECES,'178,N,WEST OSO ISD,A,'02,,
'201914,RUSK,'201,N,WEST RUSK ISD,A,'07,U,
'202905,SABINE,'202,N,WEST SABINE ISD,A,'07,S,D
'168903,MITCHELL,'168,N,WESTBROOK ISD,R,'14,UVJES,
'062905,DEWITT,'062,N,WESTHOFF ISD,E,'03,AEM,
'220810,TARRANT,'220,Y,WESTLAKE ACADEMY CHARTER SCHOOL,E,'11,AUVEWMNS,
'073904,FALLS,'073,N,WESTPHALIA ISD,E,'12,AEWMNS,
'001908,ANDERSON,'001,N,WESTWOOD ISD,R,'07,UVJS,
'241904,WHARTON,'241,N,WHARTON ISD,A,'03,,B
'242903,WHEELER,'242,N,WHEELER ISD,A,'16,AUJ,
'033904,CARSON,'033,N,WHITE DEER ISD,R,'16,UES,
'092908,GREGG,'092,N,WHITE OAK ISD,R,'07,UVJEWS,D
'220920,TARRANT,'220,N,WHITE SETTLEMENT ISD,A,'11,,
'040902,COCHRAN,'040,N,WHITEFACE CISD,R,'17,AUVWS,
'212906,SMITH,'212,N,WHITEHOUSE ISD,A,'07,UJ,
'091909,GRAYSON,'091,N,WHITESBORO ISD,R,'10,VJW,
'091910,GRAYSON,'091,N,WHITEWRIGHT ISD,E,'10,UVJEWM,D
'110908,HOCKLEY,'110,N,WHITHARRAL ISD,R,'17,ARUVJEWS,
'109911,HILL,'109,N,WHITNEY ISD,A,'12,DRUVS,
'243905,WICHITA,'243,N,WICHITA FALLS ISD,A,'09,,
'180904,OLDHAM,'180,N,WILDORADO ISD,E,'16,AEMN,
'057842,DALLAS,'057,Y,WILLIAMS PREPARATORY,R,'10,EWMS,
'170904,MONTGOMERY,'170,N,WILLIS ISD,A,'06,,
'234907,VAN ZANDT,'234,N,WILLS POINT ISD,A,'10,,D
'153907,LYNN,'153,N,WILSON ISD,R,'17,RJ,
'105905,HAYS,'105,N,WIMBERLEY ISD,R,'13,PCRUVJEWMS,
'005904,ARCHER,'005,N,WINDTHORST ISD,R,'09,ACRUVJWS,
'225905,TITUS,'225,N,WINFIELD ISD,R,'08,AS,
'057828,DALLAS,'057,Y,WINFREE ACADEMY CHARTER SCHOOLS,1,'10,,A
'248902,WINKLER,'248,N,WINK-LOVING ISD,R,'18,RVJWS,D
'250907,WOOD,'250,N,WINNSBORO ISD,R,'07,UVJMS,
'212910,SMITH,'212,N,WINONA ISD,R,'07,V,D
'200904,RUNNELS,'200,N,WINTERS ISD,A,'15,UJ,
'174906,NACOGDOCHES,'174,N,WODEN ISD,R,'07,AUJWNS,D
'116909,HUNT,'116,N,WOLFE CITY ISD,E,'10,AJEWM,
'196902,REFUGIO,'196,N,WOODSBORO ISD,R,'03,JW,D
'224902,THROCKMORTON,'224,N,WOODSON ISD,R,'09,AUVJES,
'229903,TYLER,'229,N,WOODVILLE ISD,A,'05,J,
'081905,FREESTONE,'081,N,WORTHAM ISD,A,'12,AVJWS,
'043914,COLLIN,'043,N,WYLIE ISD,R,'10,AUS,
'221912,TAYLOR,'221,N,WYLIE ISD,E,'14,CRUVJEWMNS,
'250905,WOOD,'250,N,YANTIS ISD,R,'07,AVJS,
'101845,HARRIS,'101,Y,YES PREPARATORY PUBLIC SCHOOLS,E,'04,ADRUVJEWMS,
'062903,DEWITT,'062,N,YOAKUM ISD,A,'03,JS,
'062904,DEWITT,'062,N,YORKTOWN ISD,A,'03,ARVJ,
'071905,EL PASO,'071,N,YSLETA ISD,A,'19,R,
'253901,ZAPATA,'253,N,ZAPATA COUNTY ISD,A,'01,,D
'003906,ANGELINA,'003,N,ZAVALLA ISD,A,'07,US,
'025906,BROWN,'025,N,ZEPHYR ISD,R,'15,UJEWS,
'101850,HARRIS,'101,Y,ZOE LEARNING ACADEMY,R,'04,,F
