DISTRICT,CNTYNAME,COUNTY,DFLCHART,DFLYRE,DISTNAME,DSUPRATE,D_RATING,REGION,REGNNAME
'001902,ANDERSON,'001,N,N,CAYUGA ISD,NQ,R,'07,REGION 07: KILGORE
'001903,ANDERSON,'001,N,N,ELKHART ISD,NQ,R,'07,REGION 07: KILGORE
'001904,ANDERSON,'001,N,N,FRANKSTON ISD,NQ,A,'07,REGION 07: KILGORE
'001906,ANDERSON,'001,N,N,NECHES ISD,NQ,R,'07,REGION 07: KILGORE
'001907,ANDERSON,'001,N,N,PALESTINE ISD,NQ,A,'07,REGION 07: KILGORE
'001908,ANDERSON,'001,N,N,WESTWOOD ISD,NQ,A,'07,REGION 07: KILGORE
'001909,ANDERSON,'001,N,N,SLOCUM ISD,NQ,E,'07,REGION 07: KILGORE
'002901,ANDREWS,'002,N,N,ANDREWS ISD,NQ,A,'18,REGION 18: MIDLAND
'003902,ANGELINA,'003,N,N,HUDSON ISD,NQ,R,'07,REGION 07: KILGORE
'003903,ANGELINA,'003,N,N,LUFKIN ISD,NQ,A,'07,REGION 07: KILGORE
'003904,ANGELINA,'003,N,N,HUNTINGTON ISD,NQ,A,'07,REGION 07: KILGORE
'003905,ANGELINA,'003,N,N,DIBOLL ISD,NQ,A,'07,REGION 07: KILGORE
'003906,ANGELINA,'003,N,N,ZAVALLA ISD,NQ,E,'07,REGION 07: KILGORE
'003907,ANGELINA,'003,N,N,CENTRAL ISD,NQ,R,'07,REGION 07: KILGORE
'004901,ARANSAS,'004,N,N,ARANSAS COUNTY ISD,NQ,A,'02,REGION 02: CORPUS CHRISTI
'005901,ARCHER,'005,N,N,ARCHER CITY ISD,NQ,R,'09,REGION 09: WICHITA FALLS
'005902,ARCHER,'005,N,N,HOLLIDAY ISD,NQ,A,'09,REGION 09: WICHITA FALLS
'005903,ARCHER,'005,N,N,MEGARGEL ISD,NQ,A,'09,REGION 09: WICHITA FALLS
'005904,ARCHER,'005,N,N,WINDTHORST ISD,NQ,E,'09,REGION 09: WICHITA FALLS
'006902,ARMSTRONG,'006,N,N,CLAUDE ISD,NQ,A,'16,REGION 16: AMARILLO
'007901,ATASCOSA,'007,N,N,CHARLOTTE ISD,NQ,R,'20,REGION 20: SAN ANTONIO
'007902,ATASCOSA,'007,N,N,JOURDANTON ISD,NQ,A,'20,REGION 20: SAN ANTONIO
'007904,ATASCOSA,'007,N,N,LYTLE ISD,NQ,R,'20,REGION 20: SAN ANTONIO
'007905,ATASCOSA,'007,N,N,PLEASANTON ISD,NQ,A,'20,REGION 20: SAN ANTONIO
'007906,ATASCOSA,'007,N,N,POTEET ISD,NQ,A,'20,REGION 20: SAN ANTONIO
'008901,AUSTIN,'008,N,N,BELLVILLE ISD,NQ,A,'06,REGION 06: HUNTSVILLE
'008902,AUSTIN,'008,N,N,SEALY ISD,NQ,A,'06,REGION 06: HUNTSVILLE
'008903,AUSTIN,'008,N,N,BRAZOS ISD,NQ,A,'06,REGION 06: HUNTSVILLE
'009901,BAILEY,'009,N,N,MULESHOE ISD,NQ,A,'17,REGION 17: LUBBOCK
'009903,BAILEY,'009,N,N,THREE WAY ISD,NQ,A,'17,REGION 17: LUBBOCK
'010901,BANDERA,'010,N,N,MEDINA ISD,NQ,R,'20,REGION 20: SAN ANTONIO
'010902,BANDERA,'010,N,N,BANDERA ISD,NQ,R,'20,REGION 20: SAN ANTONIO
'011901,BASTROP,'011,N,N,BASTROP ISD,NQ,A,'13,REGION 13: AUSTIN
'011902,BASTROP,'011,N,N,ELGIN ISD,NQ,A,'13,REGION 13: AUSTIN
'011904,BASTROP,'011,N,N,SMITHVILLE ISD,NQ,A,'13,REGION 13: AUSTIN
'011905,BASTROP,'011,N,N,MCDADE ISD,NA,R,'13,REGION 13: AUSTIN
'012901,BAYLOR,'012,N,N,SEYMOUR ISD,NQ,R,'09,REGION 09: WICHITA FALLS
'013901,BEE,'013,N,N,BEEVILLE ISD,NQ,A,'02,REGION 02: CORPUS CHRISTI
'013902,BEE,'013,N,N,PAWNEE ISD,NA,R,'02,REGION 02: CORPUS CHRISTI
'013903,BEE,'013,N,N,PETTUS ISD,NQ,A,'02,REGION 02: CORPUS CHRISTI
'013905,BEE,'013,N,N,SKIDMORE-TYNAN ISD,NQ,A,'02,REGION 02: CORPUS CHRISTI
'014802,BELL,'014,Y,N,TRANSFORMATIVE CHARTER ACADEMY,CS,C,'12,REGION 12: WACO
'014901,BELL,'014,N,N,ACADEMY ISD,NQ,R,'12,REGION 12: WACO
'014902,BELL,'014,N,N,BARTLETT ISD,NQ,A,'12,REGION 12: WACO
'014903,BELL,'014,N,N,BELTON ISD,NQ,R,'12,REGION 12: WACO
'014905,BELL,'014,N,N,HOLLAND ISD,NQ,R,'12,REGION 12: WACO
'014906,BELL,'014,N,N,KILLEEN ISD,NQ,A,'12,REGION 12: WACO
'014907,BELL,'014,N,N,ROGERS ISD,NQ,R,'12,REGION 12: WACO
'014908,BELL,'014,N,N,SALADO ISD,NQ,A,'12,REGION 12: WACO
'014909,BELL,'014,N,N,TEMPLE ISD,NQ,A,'12,REGION 12: WACO
'014910,BELL,'014,N,N,TROY ISD,NQ,A,'12,REGION 12: WACO
'015801,BEXAR,'015,Y,N,BLESSED SACRAMENT ACAD CHARTER H S,CS,C,'20,REGION 20: SAN ANTONIO
'015802,BEXAR,'015,Y,N,BUILDING ALTERNATIVES CHARTER,CS,C,'20,REGION 20: SAN ANTONIO
'015803,BEXAR,'015,Y,N,"HIGGS, CARTER, KING GIFTED & TALEN",CS,C,'20,REGION 20: SAN ANTONIO
'015804,BEXAR,'015,Y,N,RAMESES SCHOOL,CS,C,'20,REGION 20: SAN ANTONIO
'015805,BEXAR,'015,Y,N,SAN ANTONIO ADVANTAGE CHARTER SCHO,CS,C,'20,REGION 20: SAN ANTONIO
'015806,BEXAR,'015,Y,N,SCHOOL OF EXCELLENCE IN EDUCATION,CS,C,'20,REGION 20: SAN ANTONIO
'015807,BEXAR,'015,Y,N,SOUTHWEST PREPARATORY SCHOOL,CS,C,'20,REGION 20: SAN ANTONIO
'015808,BEXAR,'015,Y,N,JOHN H WOOD CHARTER SCHOOL,CS,C,'20,REGION 20: SAN ANTONIO
'015811,BEXAR,'015,Y,N,ESCUELA DE LAS AMERICAS,CS,C,'20,REGION 20: SAN ANTONIO
'015814,BEXAR,'015,Y,N,POSITIVE SOLUTIONS CHARTER SCHOOL,CS,C,'20,REGION 20: SAN ANTONIO
'015901,BEXAR,'015,N,N,ALAMO HEIGHTS ISD,NQ,A,'20,REGION 20: SAN ANTONIO
'015904,BEXAR,'015,N,N,HARLANDALE ISD,NQ,A,'20,REGION 20: SAN ANTONIO
'015905,BEXAR,'015,N,N,EDGEWOOD ISD,NQ,A,'20,REGION 20: SAN ANTONIO
'015906,BEXAR,'015,N,N,RANDOLPH FIELD ISD,NQ,R,'20,REGION 20: SAN ANTONIO
'015907,BEXAR,'015,N,N,SAN ANTONIO ISD,NQ,A,'20,REGION 20: SAN ANTONIO
'015908,BEXAR,'015,N,N,SOUTH SAN ANTONIO ISD,NQ,R,'20,REGION 20: SAN ANTONIO
'015909,BEXAR,'015,N,N,SOMERSET ISD,NQ,R,'20,REGION 20: SAN ANTONIO
'015910,BEXAR,'015,N,P,NORTH EAST ISD,NQ,A,'20,REGION 20: SAN ANTONIO
'015911,BEXAR,'015,N,N,EAST CENTRAL ISD,NQ,A,'20,REGION 20: SAN ANTONIO
'015912,BEXAR,'015,N,N,SOUTHWEST ISD,NQ,A,'20,REGION 20: SAN ANTONIO
'015913,BEXAR,'015,N,N,LACKLAND ISD,NQ,E,'20,REGION 20: SAN ANTONIO
'015914,BEXAR,'015,N,N,FT SAM HOUSTON ISD,NQ,R,'20,REGION 20: SAN ANTONIO
'015915,BEXAR,'015,N,N,NORTHSIDE ISD,NQ,A,'20,REGION 20: SAN ANTONIO
'015916,BEXAR,'015,N,N,JUDSON ISD,NQ,A,'20,REGION 20: SAN ANTONIO
'015917,BEXAR,'015,N,N,SOUTHSIDE ISD,NQ,A,'20,REGION 20: SAN ANTONIO
'016901,BLANCO,'016,N,N,JOHNSON CITY ISD,NQ,R,'13,REGION 13: AUSTIN
'016902,BLANCO,'016,N,N,BLANCO ISD,NQ,R,'13,REGION 13: AUSTIN
'017901,BORDEN,'017,N,N,BORDEN COUNTY ISD,NQ,R,'17,REGION 17: LUBBOCK
'018901,BOSQUE,'018,N,N,CLIFTON ISD,NQ,R,'12,REGION 12: WACO
'018902,BOSQUE,'018,N,N,MERIDIAN ISD,NQ,R,'12,REGION 12: WACO
'018903,BOSQUE,'018,N,N,MORGAN ISD,NQ,A,'12,REGION 12: WACO
'018904,BOSQUE,'018,N,N,VALLEY MILLS ISD,NQ,A,'12,REGION 12: WACO
'018905,BOSQUE,'018,N,N,WALNUT SPRINGS ISD,NQ,A,'12,REGION 12: WACO
'018906,BOSQUE,'018,N,N,IREDELL ISD,NQ,R,'12,REGION 12: WACO
'018907,BOSQUE,'018,N,N,KOPPERL ISD,NA,A,'12,REGION 12: WACO
'018908,BOSQUE,'018,N,N,CRANFILLS GAP ISD,NQ,A,'12,REGION 12: WACO
'019901,BOWIE,'019,N,N,DEKALB ISD,NQ,R,'08,REGION 08: MT PLEASANT
'019902,BOWIE,'019,N,N,HOOKS ISD,NQ,R,'08,REGION 08: MT PLEASANT
'019903,BOWIE,'019,N,N,MAUD ISD,NQ,R,'08,REGION 08: MT PLEASANT
'019905,BOWIE,'019,N,N,NEW BOSTON ISD,NQ,R,'08,REGION 08: MT PLEASANT
'019906,BOWIE,'019,N,N,REDWATER ISD,NQ,R,'08,REGION 08: MT PLEASANT
'019907,BOWIE,'019,N,N,TEXARKANA ISD,NQ,A,'08,REGION 08: MT PLEASANT
'019908,BOWIE,'019,N,N,LIBERTY-EYLAU ISD,NQ,R,'08,REGION 08: MT PLEASANT
'019909,BOWIE,'019,N,N,SIMMS ISD,NQ,R,'08,REGION 08: MT PLEASANT
'019910,BOWIE,'019,N,N,MALTA ISD,NA,R,'08,REGION 08: MT PLEASANT
'019911,BOWIE,'019,N,N,RED LICK ISD,NA,E,'08,REGION 08: MT PLEASANT
'019912,BOWIE,'019,N,N,PLEASANT GROVE ISD,NQ,E,'08,REGION 08: MT PLEASANT
'019913,BOWIE,'019,N,N,HUBBARD ISD,NA,E,'08,REGION 08: MT PLEASANT
'019914,BOWIE,'019,N,N,LEARY ISD,NA,R,'08,REGION 08: MT PLEASANT
'020901,BRAZORIA,'020,N,N,ALVIN ISD,NQ,R,'04,REGION 04: HOUSTON
'020902,BRAZORIA,'020,N,N,ANGLETON ISD,NQ,E,'04,REGION 04: HOUSTON
'020904,BRAZORIA,'020,N,N,DANBURY ISD,NQ,E,'04,REGION 04: HOUSTON
'020905,BRAZORIA,'020,N,P,BRAZOSPORT ISD,NQ,E,'04,REGION 04: HOUSTON
'020906,BRAZORIA,'020,N,N,SWEENY ISD,NQ,R,'04,REGION 04: HOUSTON
'020907,BRAZORIA,'020,N,N,COLUMBIA-BRAZORIA ISD,NQ,R,'04,REGION 04: HOUSTON
'020908,BRAZORIA,'020,N,N,PEARLAND ISD,NQ,R,'04,REGION 04: HOUSTON
'020910,BRAZORIA,'020,N,N,DAMON ISD,NA,R,'04,REGION 04: HOUSTON
'021901,BRAZOS,'021,N,N,COLLEGE STATION ISD,AC,A,'06,REGION 06: HUNTSVILLE
'021902,BRAZOS,'021,N,N,BRYAN ISD,NQ,A,'06,REGION 06: HUNTSVILLE
'022004,BREWSTER,'022,N,N,TERLINGUA CSD,NQ,A,'18,REGION 18: MIDLAND
'022901,BREWSTER,'022,N,N,ALPINE ISD,NQ,R,'18,REGION 18: MIDLAND
'022902,BREWSTER,'022,N,N,MARATHON ISD,NQ,A,'18,REGION 18: MIDLAND
'022903,BREWSTER,'022,N,N,SAN VICENTE ISD,NA,A,'18,REGION 18: MIDLAND
'023902,BRISCOE,'023,N,N,SILVERTON ISD,NQ,R,'16,REGION 16: AMARILLO
'024801,BROOKS,'024,Y,N,ENCINO SCHOOL,CS,C,'02,REGION 02: CORPUS CHRISTI
'024901,BROOKS,'024,N,N,BROOKS ISD,NQ,A,'02,REGION 02: CORPUS CHRISTI
'025901,BROWN,'025,N,N,BANGS ISD,NQ,E,'15,REGION 15: SAN ANGELO
'025902,BROWN,'025,N,N,BROWNWOOD ISD,NQ,A,'15,REGION 15: SAN ANGELO
'025904,BROWN,'025,N,N,BLANKET ISD,NQ,A,'15,REGION 15: SAN ANGELO
'025905,BROWN,'025,N,N,MAY ISD,NQ,R,'15,REGION 15: SAN ANGELO
'025906,BROWN,'025,N,N,ZEPHYR ISD,NQ,E,'15,REGION 15: SAN ANGELO
'025908,BROWN,'025,N,N,BROOKESMITH ISD,NQ,R,'15,REGION 15: SAN ANGELO
'025909,BROWN,'025,N,N,EARLY ISD,NQ,E,'15,REGION 15: SAN ANGELO
'026901,BURLESON,'026,N,N,CALDWELL ISD,NQ,A,'06,REGION 06: HUNTSVILLE
'026902,BURLESON,'026,N,N,SOMERVILLE ISD,NQ,A,'06,REGION 06: HUNTSVILLE
'026903,BURLESON,'026,N,N,SNOOK ISD,NQ,A,'06,REGION 06: HUNTSVILLE
'027903,BURNET,'027,N,N,BURNET CONS ISD,NQ,E,'13,REGION 13: AUSTIN
'027904,BURNET,'027,N,N,MARBLE FALLS ISD,NQ,A,'13,REGION 13: AUSTIN
'028902,CALDWELL,'028,N,N,LOCKHART ISD,NQ,A,'13,REGION 13: AUSTIN
'028903,CALDWELL,'028,N,N,LULING ISD,NQ,A,'13,REGION 13: AUSTIN
'028906,CALDWELL,'028,N,N,PRAIRIE LEA ISD,NQ,A,'13,REGION 13: AUSTIN
'029901,CALHOUN,'029,N,N,CALHOUN CO ISD,NQ,A,'03,REGION 03: VICTORIA
'030901,CALLAHAN,'030,N,N,CROSS PLAINS ISD,NQ,R,'14,REGION 14: ABILENE
'030902,CALLAHAN,'030,N,N,CLYDE CONS ISD,NQ,R,'14,REGION 14: ABILENE
'030903,CALLAHAN,'030,N,N,BAIRD ISD,NQ,A,'14,REGION 14: ABILENE
'030906,CALLAHAN,'030,N,N,EULA ISD,NQ,R,'14,REGION 14: ABILENE
'031901,CAMERON,'031,N,N,BROWNSVILLE ISD,NQ,A,'01,REGION 01: EDINBURG
'031903,CAMERON,'031,N,N,HARLINGEN CONS ISD,NQ,R,'01,REGION 01: EDINBURG
'031905,CAMERON,'031,N,N,LA FERIA ISD,NQ,R,'01,REGION 01: EDINBURG
'031906,CAMERON,'031,N,N,LOS FRESNOS CONS ISD,NQ,E,'01,REGION 01: EDINBURG
'031909,CAMERON,'031,N,N,POINT ISABEL ISD,NQ,R,'01,REGION 01: EDINBURG
'031911,CAMERON,'031,N,N,RIO HONDO ISD,NQ,R,'01,REGION 01: EDINBURG
'031912,CAMERON,'031,N,N,SAN BENITO CONS ISD,NQ,R,'01,REGION 01: EDINBURG
'031913,CAMERON,'031,N,N,SANTA MARIA ISD,NQ,A,'01,REGION 01: EDINBURG
'031914,CAMERON,'031,N,N,SANTA ROSA ISD,NQ,A,'01,REGION 01: EDINBURG
'031916,CAMERON,'031,N,N,SOUTH TEXAS ISD,NQ,E,'01,REGION 01: EDINBURG
'032902,CAMP,'032,N,N,PITTSBURG ISD,NQ,R,'08,REGION 08: MT PLEASANT
'033901,CARSON,'033,N,N,GROOM ISD,AC,R,'16,REGION 16: AMARILLO
'033902,CARSON,'033,N,N,PANHANDLE ISD,NQ,R,'16,REGION 16: AMARILLO
'033904,CARSON,'033,N,N,WHITE DEER ISD,NQ,E,'16,REGION 16: AMARILLO
'034901,CASS,'034,N,N,ATLANTA ISD,NQ,R,'08,REGION 08: MT PLEASANT
'034902,CASS,'034,N,N,AVINGER ISD,NQ,R,'08,REGION 08: MT PLEASANT
'034903,CASS,'034,N,N,HUGHES SPRINGS ISD,NQ,A,'08,REGION 08: MT PLEASANT
'034905,CASS,'034,N,N,LINDEN-KILDARE CONS ISD,NQ,E,'08,REGION 08: MT PLEASANT
'034906,CASS,'034,N,N,MCLEOD ISD,NQ,E,'08,REGION 08: MT PLEASANT
'034907,CASS,'034,N,N,QUEEN CITY ISD,NQ,A,'08,REGION 08: MT PLEASANT
'034908,CASS,'034,N,N,MARIETTA ISD,NA,A,'08,REGION 08: MT PLEASANT
'034909,CASS,'034,N,N,BLOOMBURG ISD,NQ,E,'08,REGION 08: MT PLEASANT
'035901,CASTRO,'035,N,N,DIMMITT ISD,NQ,A,'16,REGION 16: AMARILLO
'035902,CASTRO,'035,N,N,HART ISD,NQ,A,'16,REGION 16: AMARILLO
'035903,CASTRO,'035,N,N,NAZARETH ISD,NQ,E,'16,REGION 16: AMARILLO
'036901,CHAMBERS,'036,N,N,ANAHUAC ISD,NQ,A,'04,REGION 04: HOUSTON
'036902,CHAMBERS,'036,N,N,BARBERS HILL ISD,NQ,R,'04,REGION 04: HOUSTON
'036903,CHAMBERS,'036,N,N,EAST CHAMBERS ISD,NQ,A,'04,REGION 04: HOUSTON
'037901,CHEROKEE,'037,N,N,ALTO ISD,NQ,A,'07,REGION 07: KILGORE
'037904,CHEROKEE,'037,N,N,JACKSONVILLE ISD,NQ,A,'07,REGION 07: KILGORE
'037907,CHEROKEE,'037,N,N,RUSK ISD,NQ,A,'07,REGION 07: KILGORE
'037908,CHEROKEE,'037,N,N,NEW SUMMERFIELD ISD,NQ,A,'07,REGION 07: KILGORE
'037909,CHEROKEE,'037,N,N,WELLS ISD,NQ,R,'07,REGION 07: KILGORE
'038901,CHILDRESS,'038,N,N,CHILDRESS ISD,NQ,R,'16,REGION 16: AMARILLO
'039901,CLAY,'039,N,N,BYERS ISD,NQ,E,'09,REGION 09: WICHITA FALLS
'039902,CLAY,'039,N,N,HENRIETTA ISD,NQ,E,'09,REGION 09: WICHITA FALLS
'039903,CLAY,'039,N,N,PETROLIA ISD,NQ,R,'09,REGION 09: WICHITA FALLS
'039904,CLAY,'039,N,N,BELLEVUE ISD,NQ,E,'09,REGION 09: WICHITA FALLS
'039905,CLAY,'039,N,N,MIDWAY ISD,AT,R,'09,REGION 09: WICHITA FALLS
'040901,COCHRAN,'040,N,N,MORTON ISD,NQ,A,'17,REGION 17: LUBBOCK
'040902,COCHRAN,'040,N,N,WHITEFACE CONS ISD,NQ,A,'17,REGION 17: LUBBOCK
'041901,COKE,'041,N,N,BRONTE ISD,NQ,R,'15,REGION 15: SAN ANGELO
'041902,COKE,'041,N,N,ROBERT LEE ISD,NQ,R,'15,REGION 15: SAN ANGELO
'042901,COLEMAN,'042,N,N,COLEMAN ISD,NQ,R,'15,REGION 15: SAN ANGELO
'042903,COLEMAN,'042,N,N,SANTA ANNA ISD,NQ,A,'15,REGION 15: SAN ANGELO
'042905,COLEMAN,'042,N,N,PANTHER CREEK CONS ISD,NQ,R,'15,REGION 15: SAN ANGELO
'042906,COLEMAN,'042,N,N,NOVICE ISD,NQ,R,'15,REGION 15: SAN ANGELO
'043901,COLLIN,'043,N,N,ALLEN ISD,NQ,R,'10,REGION 10: RICHARDSON
'043902,COLLIN,'043,N,N,ANNA ISD,NQ,A,'10,REGION 10: RICHARDSON
'043903,COLLIN,'043,N,N,CELINA ISD,NQ,A,'10,REGION 10: RICHARDSON
'043904,COLLIN,'043,N,N,FARMERSVILLE ISD,NQ,A,'10,REGION 10: RICHARDSON
'043905,COLLIN,'043,N,N,FRISCO ISD,NQ,R,'10,REGION 10: RICHARDSON
'043907,COLLIN,'043,N,P,MCKINNEY ISD,NQ,A,'10,REGION 10: RICHARDSON
'043908,COLLIN,'043,N,N,MELISSA ISD,NA,A,'10,REGION 10: RICHARDSON
'043910,COLLIN,'043,N,N,PLANO ISD,AC,A,'10,REGION 10: RICHARDSON
'043911,COLLIN,'043,N,N,PRINCETON ISD,NQ,A,'10,REGION 10: RICHARDSON
'043912,COLLIN,'043,N,N,PROSPER ISD,NQ,A,'10,REGION 10: RICHARDSON
'043914,COLLIN,'043,N,N,WYLIE ISD,NQ,A,'10,REGION 10: RICHARDSON
'043917,COLLIN,'043,N,N,BLUE RIDGE ISD,NQ,A,'10,REGION 10: RICHARDSON
'043918,COLLIN,'043,N,N,COMMUNITY ISD,NQ,R,'10,REGION 10: RICHARDSON
'043919,COLLIN,'043,N,N,LOVEJOY ISD,NA,E,'10,REGION 10: RICHARDSON
'044902,COLLINGSWORTH,'044,N,N,WELLINGTON ISD,NQ,R,'16,REGION 16: AMARILLO
'044904,COLLINGSWORTH,'044,N,N,SAMNORWOOD ISD,NQ,E,'16,REGION 16: AMARILLO
'045902,COLORADO,'045,N,N,COLUMBUS ISD,NQ,A,'03,REGION 03: VICTORIA
'045903,COLORADO,'045,N,N,RICE CONS ISD,NQ,A,'03,REGION 03: VICTORIA
'045905,COLORADO,'045,N,N,WEIMAR ISD,NQ,A,'03,REGION 03: VICTORIA
'046801,COMAL,'046,Y,N,NANCY NEY CHARTER SCHOOL,CS,C,'13,REGION 13: AUSTIN
'046901,COMAL,'046,N,N,NEW BRAUNFELS ISD,NQ,A,'13,REGION 13: AUSTIN
'046902,COMAL,'046,N,N,COMAL ISD,NQ,A,'13,REGION 13: AUSTIN
'047901,COMANCHE,'047,N,N,COMANCHE ISD,NQ,R,'14,REGION 14: ABILENE
'047902,COMANCHE,'047,N,N,DE LEON ISD,NQ,A,'14,REGION 14: ABILENE
'047903,COMANCHE,'047,N,N,GUSTINE ISD,NQ,A,'14,REGION 14: ABILENE
'047905,COMANCHE,'047,N,N,SIDNEY ISD,AT,A,'14,REGION 14: ABILENE
'048901,CONCHO,'048,N,N,EDEN CONS ISD,NQ,A,'15,REGION 15: SAN ANGELO
'048903,CONCHO,'048,N,N,PAINT ROCK ISD,AT,A,'15,REGION 15: SAN ANGELO
'049901,COOKE,'049,N,N,GAINESVILLE ISD,NQ,A,'11,REGION 11: FORT WORTH
'049902,COOKE,'049,N,N,MUENSTER ISD,AB,E,'11,REGION 11: FORT WORTH
'049903,COOKE,'049,N,N,VALLEY VIEW ISD,NQ,E,'11,REGION 11: FORT WORTH
'049905,COOKE,'049,N,N,CALLISBURG ISD,NQ,R,'11,REGION 11: FORT WORTH
'049906,COOKE,'049,N,N,ERA ISD,NQ,E,'11,REGION 11: FORT WORTH
'049907,COOKE,'049,N,N,LINDSAY ISD,NQ,E,'11,REGION 11: FORT WORTH
'049908,COOKE,'049,N,N,WALNUT BEND ISD,NA,A,'11,REGION 11: FORT WORTH
'049909,COOKE,'049,N,N,SIVELLS BEND ISD,NA,E,'11,REGION 11: FORT WORTH
'050901,CORYELL,'050,N,N,EVANT ISD,NQ,R,'12,REGION 12: WACO
'050902,CORYELL,'050,N,N,GATESVILLE ISD,NQ,R,'12,REGION 12: WACO
'050904,CORYELL,'050,N,N,OGLESBY ISD,NQ,E,'12,REGION 12: WACO
'050909,CORYELL,'050,N,N,JONESBORO ISD,NQ,E,'12,REGION 12: WACO
'050910,CORYELL,'050,N,N,COPPERAS COVE ISD,NQ,R,'12,REGION 12: WACO
'051901,COTTLE,'051,N,N,PADUCAH ISD,NQ,A,'17,REGION 17: LUBBOCK
'052901,CRANE,'052,N,N,CRANE ISD,NQ,E,'18,REGION 18: MIDLAND
'053001,CROCKETT,'053,N,N,CROCKETT CO CONS CSD,NQ,R,'15,REGION 15: SAN ANGELO
'054901,CROSBY,'054,N,N,CROSBYTON ISD,NQ,A,'17,REGION 17: LUBBOCK
'054902,CROSBY,'054,N,N,LORENZO ISD,NQ,A,'17,REGION 17: LUBBOCK
'054903,CROSBY,'054,N,N,RALLS ISD,NQ,A,'17,REGION 17: LUBBOCK
'055901,CULBERSON,'055,N,N,CULBERSON COUNTY-ALLAMOORE ISD,NQ,R,'18,REGION 18: MIDLAND
'056901,DALLAM,'056,N,N,DALHART ISD,NQ,R,'16,REGION 16: AMARILLO
'056902,DALLAM,'056,N,N,TEXLINE ISD,NQ,R,'16,REGION 16: AMARILLO
'057801,DALLAS,'057,Y,N,RENAISSANCE CHARTER SCHOOL,CS,C,'10,REGION 10: RICHARDSON
'057802,DALLAS,'057,Y,N,PEGASUS CHARTER SCHOOL,CS,C,'10,REGION 10: RICHARDSON
'057803,DALLAS,'057,Y,N,NORTH HILLS SCHOOL,CS,C,'10,REGION 10: RICHARDSON
'057804,DALLAS,'057,Y,N,DALLAS CAN ACADEMY CHARTER,CS,C,'10,REGION 10: RICHARDSON
'057806,DALLAS,'057,Y,N,EAGLE ADVANTAGE SCHOOL,CS,C,'10,REGION 10: RICHARDSON
'057807,DALLAS,'057,Y,N,LIFE CHARTER SCHOOL OF OAK CLIFF,CS,C,'10,REGION 10: RICHARDSON
'057808,DALLAS,'057,Y,N,UNIVERSAL ACADEMY,CS,C,'10,REGION 10: RICHARDSON
'057809,DALLAS,'057,Y,N,WEST OAK CLIFF CHARTER SCHOOL,CS,C,'10,REGION 10: RICHARDSON
'057903,DALLAS,'057,N,N,CARROLLTON-FARMERS BRANCH ISD,NQ,A,'10,REGION 10: RICHARDSON
'057904,DALLAS,'057,N,N,CEDAR HILL ISD,NQ,A,'10,REGION 10: RICHARDSON
'057905,DALLAS,'057,N,N,DALLAS ISD,NQ,A,'10,REGION 10: RICHARDSON
'057906,DALLAS,'057,N,N,DESOTO ISD,NQ,R,'10,REGION 10: RICHARDSON
'057907,DALLAS,'057,N,N,DUNCANVILLE ISD,NQ,A,'10,REGION 10: RICHARDSON
'057909,DALLAS,'057,N,N,GARLAND ISD,NQ,R,'10,REGION 10: RICHARDSON
'057910,DALLAS,'057,N,N,GRAND PRAIRIE ISD,NQ,R,'10,REGION 10: RICHARDSON
'057911,DALLAS,'057,N,N,HIGHLAND PARK ISD,AC,E,'10,REGION 10: RICHARDSON
'057912,DALLAS,'057,N,N,IRVING ISD,NQ,R,'10,REGION 10: RICHARDSON
'057913,DALLAS,'057,N,N,LANCASTER ISD,NQ,A,'10,REGION 10: RICHARDSON
'057914,DALLAS,'057,N,N,MESQUITE ISD,NQ,A,'10,REGION 10: RICHARDSON
'057916,DALLAS,'057,N,N,RICHARDSON ISD,NQ,A,'10,REGION 10: RICHARDSON
'057919,DALLAS,'057,N,N,SUNNYVALE ISD,NA,R,'10,REGION 10: RICHARDSON
'057920,DALLAS,'057,N,N,WILMER-HUTCHINS ISD,NE,L,'10,REGION 10: RICHARDSON
'057922,DALLAS,'057,N,N,COPPELL ISD,NQ,E,'10,REGION 10: RICHARDSON
'058902,DAWSON,'058,N,N,DAWSON,NQ,R,'17,REGION 17: LUBBOCK
'058905,DAWSON,'058,N,N,KLONDIKE ISD,NQ,A,'17,REGION 17: LUBBOCK
'058906,DAWSON,'058,N,N,LAMESA ISD,NQ,A,'17,REGION 17: LUBBOCK
'058909,DAWSON,'058,N,N,SANDS ISD,NA,E,'17,REGION 17: LUBBOCK
'059901,DEAF SMITH,'059,N,N,HEREFORD ISD,NQ,R,'16,REGION 16: AMARILLO
'059902,DEAF SMITH,'059,N,N,WALCOTT ISD,NA,A,'16,REGION 16: AMARILLO
'060902,DELTA,'060,N,N,COOPER ISD,NQ,A,'08,REGION 08: MT PLEASANT
'060914,DELTA,'060,N,N,FANNINDEL ISD,NQ,A,'08,REGION 08: MT PLEASANT
'061901,DENTON,'061,N,N,DENTON ISD,NQ,A,'11,REGION 11: FORT WORTH
'061902,DENTON,'061,N,N,LEWISVILLE ISD,NQ,R,'11,REGION 11: FORT WORTH
'061903,DENTON,'061,N,N,PILOT POINT ISD,NQ,R,'11,REGION 11: FORT WORTH
'061905,DENTON,'061,N,N,KRUM ISD,NQ,A,'11,REGION 11: FORT WORTH
'061906,DENTON,'061,N,N,PONDER ISD,NQ,A,'11,REGION 11: FORT WORTH
'061907,DENTON,'061,N,N,AUBREY ISD,NQ,R,'11,REGION 11: FORT WORTH
'061908,DENTON,'061,N,N,SANGER ISD,NQ,R,'11,REGION 11: FORT WORTH
'061910,DENTON,'061,N,N,ARGYLE ISD,NA,E,'11,REGION 11: FORT WORTH
'061911,DENTON,'061,N,N,NORTHWEST ISD,NQ,A,'11,REGION 11: FORT WORTH
'061912,DENTON,'061,N,N,LAKE DALLAS ISD,NQ,R,'11,REGION 11: FORT WORTH
'061914,DENTON,'061,N,N,LITTLE ELM ISD,NQ,R,'11,REGION 11: FORT WORTH
'062901,DEWITT,'062,N,N,CUERO ISD,NQ,A,'03,REGION 03: VICTORIA
'062902,DEWITT,'062,N,N,NORDHEIM ISD,NQ,A,'03,REGION 03: VICTORIA
'062903,DEWITT,'062,N,N,YOAKUM ISD,NQ,A,'03,REGION 03: VICTORIA
'062904,DEWITT,'062,N,N,YORKTOWN ISD,NQ,A,'03,REGION 03: VICTORIA
'062905,DEWITT,'062,N,N,WESTHOFF ISD,NA,E,'03,REGION 03: VICTORIA
'062906,DEWITT,'062,N,N,MEYERSVILLE ISD,NA,E,'03,REGION 03: VICTORIA
'063903,DICKENS,'063,N,N,SPUR ISD,NQ,A,'17,REGION 17: LUBBOCK
'063906,DICKENS,'063,N,N,PATTON SPRINGS ISD,NQ,E,'17,REGION 17: LUBBOCK
'064901,DIMMIT,'064,N,N,ASHERTON ISD,NE,S,'20,REGION 20: SAN ANTONIO
'064903,DIMMIT,'064,N,N,CARRIZO SPRINGS CONS ISD,NQ,A,'20,REGION 20: SAN ANTONIO
'065901,DONLEY,'065,N,N,CLARENDON ISD,NQ,R,'16,REGION 16: AMARILLO
'065902,DONLEY,'065,N,N,HEDLEY ISD,NQ,R,'16,REGION 16: AMARILLO
'066005,DUVAL,'066,N,N,RAMIREZ CSD,NA,R,'02,REGION 02: CORPUS CHRISTI
'066901,DUVAL,'066,N,N,BENAVIDES ISD,NQ,A,'02,REGION 02: CORPUS CHRISTI
'066902,DUVAL,'066,N,N,SAN DIEGO ISD,NQ,A,'02,REGION 02: CORPUS CHRISTI
'066903,DUVAL,'066,N,N,FREER ISD,NQ,R,'02,REGION 02: CORPUS CHRISTI
'067902,EASTLAND,'067,N,N,CISCO ISD,NQ,R,'14,REGION 14: ABILENE
'067903,EASTLAND,'067,N,N,EASTLAND ISD,NQ,R,'14,REGION 14: ABILENE
'067904,EASTLAND,'067,N,N,GORMAN ISD,NQ,R,'14,REGION 14: ABILENE
'067907,EASTLAND,'067,N,N,RANGER ISD,NQ,R,'14,REGION 14: ABILENE
'067908,EASTLAND,'067,N,N,RISING STAR ISD,NQ,E,'14,REGION 14: ABILENE
'068901,ECTOR,'068,N,P,ECTOR COUNTY ISD,NQ,A,'18,REGION 18: MIDLAND
'069901,EDWARDS,'069,N,N,ROCKSPRINGS ISD,NQ,A,'15,REGION 15: SAN ANGELO
'069902,EDWARDS,'069,N,N,NUECES CANYON CONS ISD,NQ,E,'15,REGION 15: SAN ANGELO
'070901,ELLIS,'070,N,N,AVALON ISD,NQ,A,'10,REGION 10: RICHARDSON
'070903,ELLIS,'070,N,N,ENNIS ISD,NQ,A,'10,REGION 10: RICHARDSON
'070905,ELLIS,'070,N,N,FERRIS ISD,NQ,R,'10,REGION 10: RICHARDSON
'070907,ELLIS,'070,N,N,ITALY ISD,NQ,A,'10,REGION 10: RICHARDSON
'070908,ELLIS,'070,N,N,MIDLOTHIAN ISD,NQ,R,'10,REGION 10: RICHARDSON
'070909,ELLIS,'070,N,N,MILFORD ISD,NQ,A,'10,REGION 10: RICHARDSON
'070910,ELLIS,'070,N,N,PALMER ISD,NQ,A,'10,REGION 10: RICHARDSON
'070911,ELLIS,'070,N,N,RED OAK ISD,NQ,A,'10,REGION 10: RICHARDSON
'070912,ELLIS,'070,N,N,WAXAHACHIE ISD,NQ,A,'10,REGION 10: RICHARDSON
'070915,ELLIS,'070,N,N,MAYPEARL ISD,NQ,E,'10,REGION 10: RICHARDSON
'071801,EL PASO,'071,Y,N,BURNHAM WOOD CHARTER SCHOOL,CS,C,'19,REGION 19: EL PASO
'071901,EL PASO,'071,N,N,CLINT ISD,NQ,A,'19,REGION 19: EL PASO
'071902,EL PASO,'071,N,P,EL PASO ISD,NQ,A,'19,REGION 19: EL PASO
'071903,EL PASO,'071,N,N,FABENS ISD,NE,L,'19,REGION 19: EL PASO
'071904,EL PASO,'071,N,N,SAN ELIZARIO ISD,NQ,A,'19,REGION 19: EL PASO
'071905,EL PASO,'071,N,P,YSLETA ISD,NE,Q,'19,REGION 19: EL PASO
'071906,EL PASO,'071,N,N,ANTHONY ISD,NE,A,'19,REGION 19: EL PASO
'071907,EL PASO,'071,N,N,CANUTILLO ISD,NQ,A,'19,REGION 19: EL PASO
'071908,EL PASO,'071,N,N,TORNILLO ISD,NQ,A,'19,REGION 19: EL PASO
'071909,EL PASO,'071,N,P,SOCORRO ISD,NQ,R,'19,REGION 19: EL PASO
'072901,ERATH,'072,N,N,THREE WAY ISD,NA,R,'11,REGION 11: FORT WORTH
'072902,ERATH,'072,N,N,DUBLIN ISD,NQ,A,'11,REGION 11: FORT WORTH
'072903,ERATH,'072,N,N,STEPHENVILLE ISD,NQ,A,'11,REGION 11: FORT WORTH
'072904,ERATH,'072,N,N,BLUFF DALE ISD,NA,E,'11,REGION 11: FORT WORTH
'072908,ERATH,'072,N,N,HUCKABAY ISD,NQ,R,'11,REGION 11: FORT WORTH
'072909,ERATH,'072,N,N,LINGLEVILLE ISD,NQ,A,'11,REGION 11: FORT WORTH
'072910,ERATH,'072,N,N,MORGAN MILL ISD,NA,E,'11,REGION 11: FORT WORTH
'073901,FALLS,'073,N,N,CHILTON ISD,NQ,A,'12,REGION 12: WACO
'073903,FALLS,'073,N,N,MARLIN ISD,NQ,A,'12,REGION 12: WACO
'073904,FALLS,'073,N,N,WESTPHALIA ISD,NA,E,'12,REGION 12: WACO
'073905,FALLS,'073,N,N,ROSEBUD-LOTT ISD,NQ,A,'12,REGION 12: WACO
'074903,FANNIN,'074,N,N,BONHAM ISD,NQ,A,'10,REGION 10: RICHARDSON
'074904,FANNIN,'074,N,N,DODD CITY ISD,NQ,A,'10,REGION 10: RICHARDSON
'074905,FANNIN,'074,N,N,ECTOR ISD,NQ,A,'10,REGION 10: RICHARDSON
'074907,FANNIN,'074,N,N,HONEY GROVE ISD,NQ,A,'10,REGION 10: RICHARDSON
'074909,FANNIN,'074,N,N,LEONARD ISD,NQ,A,'10,REGION 10: RICHARDSON
'074911,FANNIN,'074,N,N,SAVOY ISD,NQ,A,'10,REGION 10: RICHARDSON
'074912,FANNIN,'074,N,N,TRENTON ISD,NQ,R,'10,REGION 10: RICHARDSON
'074917,FANNIN,'074,N,N,SAM RAYBURN ISD,NQ,A,'10,REGION 10: RICHARDSON
'075901,FAYETTE,'075,N,N,FLATONIA ISD,NQ,R,'13,REGION 13: AUSTIN
'075902,FAYETTE,'075,N,N,LA GRANGE ISD,NQ,R,'13,REGION 13: AUSTIN
'075903,FAYETTE,'075,N,N,SCHULENBURG ISD,NQ,A,'13,REGION 13: AUSTIN
'075906,FAYETTE,'075,N,N,FAYETTEVILLE ISD,NQ,R,'13,REGION 13: AUSTIN
'075908,FAYETTE,'075,N,N,ROUND TOP-CARMINE ISD,NQ,E,'13,REGION 13: AUSTIN
'076903,FISHER,'076,N,N,ROBY CONS ISD,NQ,E,'14,REGION 14: ABILENE
'076904,FISHER,'076,N,N,ROTAN ISD,NQ,E,'14,REGION 14: ABILENE
'077901,FLOYD,'077,N,N,FLOYDADA ISD,NQ,A,'17,REGION 17: LUBBOCK
'077902,FLOYD,'077,N,N,LOCKNEY ISD,NQ,R,'17,REGION 17: LUBBOCK
'078901,FOARD,'078,N,N,CROWELL ISD,NQ,A,'09,REGION 09: WICHITA FALLS
'079901,FORT BEND,'079,N,N,LAMAR CONSOLIDATED ISD,NQ,A,'04,REGION 04: HOUSTON
'079906,FORT BEND,'079,N,N,NEEDVILLE ISD,NQ,R,'04,REGION 04: HOUSTON
'079907,FORT BEND,'079,N,N,FORT BEND ISD,NQ,A,'04,REGION 04: HOUSTON
'079908,FORT BEND,'079,N,N,KENDLETON ISD,NE,S,'04,REGION 04: HOUSTON
'079910,FORT BEND,'079,N,N,STAFFORD MSD,NQ,R,'04,REGION 04: HOUSTON
'080901,FRANKLIN,'080,N,N,MOUNT VERNON ISD,NQ,R,'08,REGION 08: MT PLEASANT
'081902,FREESTONE,'081,N,N,FAIRFIELD ISD,NQ,A,'12,REGION 12: WACO
'081904,FREESTONE,'081,N,N,TEAGUE ISD,NQ,A,'12,REGION 12: WACO
'081905,FREESTONE,'081,N,N,WORTHAM ISD,NQ,A,'12,REGION 12: WACO
'081906,FREESTONE,'081,N,N,DEW ISD,NA,E,'12,REGION 12: WACO
'082902,FRIO,'082,N,N,DILLEY ISD,NQ,A,'20,REGION 20: SAN ANTONIO
'082903,FRIO,'082,N,N,PEARSALL ISD,NQ,A,'20,REGION 20: SAN ANTONIO
'083901,GAINES,'083,N,N,SEAGRAVES ISD,NQ,R,'17,REGION 17: LUBBOCK
'083902,GAINES,'083,N,N,LOOP ISD,NQ,R,'17,REGION 17: LUBBOCK
'083903,GAINES,'083,N,N,SEMINOLE ISD,NQ,R,'17,REGION 17: LUBBOCK
'084801,GALVESTON,'084,Y,N,MAINLAND PREPARATORY ACADEMY,CS,C,'04,REGION 04: HOUSTON
'084901,GALVESTON,'084,N,N,DICKINSON ISD,NQ,A,'04,REGION 04: HOUSTON
'084902,GALVESTON,'084,N,N,GALVESTON ISD,NQ,A,'04,REGION 04: HOUSTON
'084903,GALVESTON,'084,N,N,HIGH ISLAND ISD,NQ,A,'05,REGION 04: HOUSTON
'084904,GALVESTON,'084,N,N,LA MARQUE ISD,NQ,A,'04,REGION 04: HOUSTON
'084906,GALVESTON,'084,N,N,TEXAS CITY ISD,NQ,A,'04,REGION 04: HOUSTON
'084908,GALVESTON,'084,N,C,HITCHCOCK ISD,NQ,A,'04,REGION 04: HOUSTON
'084909,GALVESTON,'084,N,N,SANTA FE ISD,NQ,A,'04,REGION 04: HOUSTON
'084910,GALVESTON,'084,N,N,CLEAR CREEK ISD,NQ,R,'04,REGION 04: HOUSTON
'084911,GALVESTON,'084,N,N,FRIENDSWOOD ISD,NQ,E,'04,REGION 04: HOUSTON
'085902,GARZA,'085,N,N,POST ISD,NQ,R,'17,REGION 17: LUBBOCK
'085903,GARZA,'085,N,N,SOUTHLAND ISD,NQ,R,'17,REGION 17: LUBBOCK
'086024,GILLESPIE,'086,N,N,DOSS CONS CSD,NA,A,'13,REGION 13: AUSTIN
'086901,GILLESPIE,'086,N,N,FREDERICKSBURG ISD,NQ,A,'13,REGION 13: AUSTIN
'086902,GILLESPIE,'086,N,N,HARPER ISD,NQ,E,'13,REGION 13: AUSTIN
'087901,GLASSCOCK,'087,N,N,GLASSCOCK COUNTY ISD,NQ,R,'18,REGION 18: MIDLAND
'088902,GOLIAD,'088,N,N,GOLIAD ISD,NQ,R,'03,REGION 03: VICTORIA
'089901,GONZALES,'089,N,N,GONZALES ISD,NQ,A,'13,REGION 13: AUSTIN
'089903,GONZALES,'089,N,N,NIXON-SMILEY CONS ISD,NQ,R,'13,REGION 13: AUSTIN
'089905,GONZALES,'089,N,N,WAELDER ISD,NQ,R,'13,REGION 13: AUSTIN
'090902,GRAY,'090,N,N,LEFORS ISD,NQ,A,'16,REGION 16: AMARILLO
'090903,GRAY,'090,N,N,MCLEAN ISD,NQ,E,'16,REGION 16: AMARILLO
'090904,GRAY,'090,N,N,PAMPA ISD,NQ,A,'16,REGION 16: AMARILLO
'090905,GRAY,'090,N,N,GRANDVIEW-HOPKINS ISD,NA,E,'16,REGION 16: AMARILLO
'091901,GRAYSON,'091,N,N,BELLS ISD,NQ,R,'10,REGION 10: RICHARDSON
'091902,GRAYSON,'091,N,N,COLLINSVILLE ISD,NQ,E,'10,REGION 10: RICHARDSON
'091903,GRAYSON,'091,N,N,DENISON ISD,NQ,R,'10,REGION 10: RICHARDSON
'091905,GRAYSON,'091,N,N,HOWE ISD,NQ,R,'10,REGION 10: RICHARDSON
'091906,GRAYSON,'091,N,N,SHERMAN ISD,NQ,A,'10,REGION 10: RICHARDSON
'091907,GRAYSON,'091,N,N,TIOGA ISD,NA,R,'10,REGION 10: RICHARDSON
'091908,GRAYSON,'091,N,N,VAN ALSTYNE ISD,NQ,A,'10,REGION 10: RICHARDSON
'091909,GRAYSON,'091,N,N,WHITESBORO ISD,NQ,R,'10,REGION 10: RICHARDSON
'091910,GRAYSON,'091,N,N,WHITEWRIGHT ISD,NQ,E,'10,REGION 10: RICHARDSON
'091913,GRAYSON,'091,N,N,POTTSBORO ISD,NQ,E,'10,REGION 10: RICHARDSON
'091914,GRAYSON,'091,N,N,S AND S CONS ISD,NQ,R,'10,REGION 10: RICHARDSON
'091917,GRAYSON,'091,N,N,GUNTER ISD,NQ,E,'10,REGION 10: RICHARDSON
'091918,GRAYSON,'091,N,N,TOM BEAN ISD,NQ,E,'10,REGION 10: RICHARDSON
'092901,GREGG,'092,N,N,GLADEWATER ISD,NQ,A,'07,REGION 07: KILGORE
'092902,GREGG,'092,N,N,KILGORE ISD,NQ,A,'07,REGION 07: KILGORE
'092903,GREGG,'092,N,N,LONGVIEW ISD,NQ,A,'07,REGION 07: KILGORE
'092904,GREGG,'092,N,N,PINE TREE ISD,NQ,A,'07,REGION 07: KILGORE
'092906,GREGG,'092,N,N,SABINE ISD,NQ,R,'07,REGION 07: KILGORE
'092907,GREGG,'092,N,N,SPRING HILL ISD,NQ,R,'07,REGION 07: KILGORE
'092908,GREGG,'092,N,N,WHITE OAK ISD,NQ,R,'07,REGION 07: KILGORE
'093901,GRIMES,'093,N,N,ANDERSON-SHIRO CONS ISD,NQ,A,'06,REGION 06: HUNTSVILLE
'093903,GRIMES,'093,N,N,IOLA ISD,NQ,R,'06,REGION 06: HUNTSVILLE
'093904,GRIMES,'093,N,N,NAVASOTA ISD,NQ,A,'06,REGION 06: HUNTSVILLE
'093905,GRIMES,'093,N,N,RICHARDS ISD,NA,A,'06,REGION 06: HUNTSVILLE
'094901,GUADALUPE,'094,N,N,SEGUIN ISD,NQ,A,'13,REGION 13: AUSTIN
'094902,GUADALUPE,'094,N,N,SCHERTZ-CIBOLO-U CITY ISD,NQ,A,'13,REGION 13: AUSTIN
'094903,GUADALUPE,'094,N,N,NAVARRO ISD,NQ,A,'13,REGION 13: AUSTIN
'094904,GUADALUPE,'094,N,N,MARION ISD,NQ,R,'13,REGION 13: AUSTIN
'095901,HALE,'095,N,N,ABERNATHY ISD,NQ,R,'17,REGION 17: LUBBOCK
'095902,HALE,'095,N,N,COTTON CENTER ISD,NQ,E,'17,REGION 17: LUBBOCK
'095903,HALE,'095,N,N,HALE CENTER ISD,NQ,R,'17,REGION 17: LUBBOCK
'095904,HALE,'095,N,N,PETERSBURG ISD,NQ,R,'17,REGION 17: LUBBOCK
'095905,HALE,'095,N,N,PLAINVIEW ISD,NQ,R,'17,REGION 17: LUBBOCK
'096904,HALL,'096,N,N,MEMPHIS ISD,NQ,A,'16,REGION 16: AMARILLO
'096905,HALL,'096,N,N,TURKEY-QUITAQUE ISD,NQ,A,'16,REGION 16: AMARILLO
'096908,HALL,'096,N,N,LAKEVIEW ISD,NE,S,'16,REGION 16: AMARILLO
'097902,HAMILTON,'097,N,N,HAMILTON ISD,NQ,R,'12,REGION 12: WACO
'097903,HAMILTON,'097,N,N,HICO ISD,NQ,A,'12,REGION 12: WACO
'098901,HANSFORD,'098,N,N,GRUVER ISD,NQ,E,'16,REGION 16: AMARILLO
'098903,HANSFORD,'098,N,N,PRINGLE-MORSE CONS ISD,NA,E,'16,REGION 16: AMARILLO
'098904,HANSFORD,'098,N,N,SPEARMAN ISD,NQ,R,'16,REGION 16: AMARILLO
'099902,HARDEMAN,'099,N,N,CHILLICOTHE ISD,NQ,R,'09,REGION 09: WICHITA FALLS
'099903,HARDEMAN,'099,N,N,QUANAH ISD,NQ,R,'09,REGION 09: WICHITA FALLS
'100903,HARDIN,'100,N,N,KOUNTZE ISD,NQ,A,'05,REGION 05: BEAUMONT
'100904,HARDIN,'100,N,N,SILSBEE ISD,NQ,A,'05,REGION 05: BEAUMONT
'100905,HARDIN,'100,N,N,HARDIN-JEFFERSON ISD,NQ,A,'05,REGION 05: BEAUMONT
'100907,HARDIN,'100,N,N,LUMBERTON ISD,NQ,R,'05,REGION 05: BEAUMONT
'100908,HARDIN,'100,N,N,WEST HARDIN COUNTY CONS ISD,NQ,R,'05,REGION 05: BEAUMONT
'101801,HARRIS,'101,Y,N,MEDICAL CENTER CHARTER SCHOOL,CS,C,'04,REGION 04: HOUSTON
'101802,HARRIS,'101,Y,N,SER-NINOS CHARTER SCHOOL,CS,C,'04,REGION 04: HOUSTON
'101803,HARRIS,'101,Y,N,WEST HOUSTON CHARTER SCHOOL,CS,C,'04,REGION 04: HOUSTON
'101804,HARRIS,'101,Y,N,GEORGE I SANCHEZ CHARTER,CS,C,'04,REGION 04: HOUSTON
'101805,HARRIS,'101,Y,N,GIRLS & BOYS PREP ACADEMY,CS,C,'04,REGION 04: HOUSTON
'101806,HARRIS,'101,Y,N,RAUL YZAGUIRRE SCHOOL FOR SUCCESS,CS,C,'04,REGION 04: HOUSTON
'101807,HARRIS,'101,Y,N,UNIV OF HOUSTON CHARTER SCH-TECH,CS,C,'04,REGION 04: HOUSTON
'101808,HARRIS,'101,Y,N,ACADEMY OF HOUSTON,CS,C,'04,REGION 04: HOUSTON
'101809,HARRIS,'101,Y,N,ED WHITE SCHOOL OF EDUCATIONAL ENH,CS,C,'04,REGION 04: HOUSTON
'101810,HARRIS,'101,Y,N,"ACADEMY OF ACCELERATED LEARNING, I",CS,C,'04,REGION 04: HOUSTON
'101811,HARRIS,'101,Y,N,HARRIS COUNTY JUVENILE JUSTICE CHA,CS,C,'04,REGION 04: HOUSTON
'101812,HARRIS,'101,Y,N,HOUSTON CAN ACADEMY CHARTER SCHOOL,CS,C,'04,REGION 04: HOUSTON
'101813,HARRIS,'101,Y,N,"KIPP, INC CHARTER",CS,C,'04,REGION 04: HOUSTON
'101814,HARRIS,'101,Y,N,WYNDAM CHARTER SCHOOL,CS,C,'04,REGION 04: HOUSTON
'101815,HARRIS,'101,Y,N,ALIEF MONTESSORI COMMUNITY SCHOOL,CS,C,'04,REGION 04: HOUSTON
'101830,HARRIS,'101,Y,N,IMPACT CHARTER,CS,C,'04,REGION 04: HOUSTON
'101840,HARRIS,'101,Y,N,TWO DIMENSIONS PREPARATORY ACADEMY,CS,C,'04,REGION 04: HOUSTON
'101902,HARRIS,'101,N,N,ALDINE ISD,NQ,R,'04,REGION 04: HOUSTON
'101903,HARRIS,'101,N,N,ALIEF ISD,NQ,A,'04,REGION 04: HOUSTON
'101905,HARRIS,'101,N,N,CHANNELVIEW ISD,NQ,A,'04,REGION 04: HOUSTON
'101906,HARRIS,'101,N,N,CROSBY ISD,NQ,A,'04,REGION 04: HOUSTON
'101907,HARRIS,'101,N,N,CYPRESS-FAIRBANKS ISD,NQ,R,'04,REGION 04: HOUSTON
'101908,HARRIS,'101,N,N,DEER PARK ISD,NQ,A,'04,REGION 04: HOUSTON
'101909,HARRIS,'101,N,N,NORTH FOREST ISD,NE,Q,'04,REGION 04: HOUSTON
'101910,HARRIS,'101,N,N,GALENA PARK ISD,NQ,R,'04,REGION 04: HOUSTON
'101911,HARRIS,'101,N,N,GOOSE CREEK ISD,NQ,A,'04,REGION 04: HOUSTON
'101912,HARRIS,'101,N,N,HOUSTON ISD,NQ,A,'04,REGION 04: HOUSTON
'101913,HARRIS,'101,N,N,HUMBLE ISD,NQ,A,'04,REGION 04: HOUSTON
'101914,HARRIS,'101,N,N,KATY ISD,NQ,R,'04,REGION 04: HOUSTON
'101915,HARRIS,'101,N,N,KLEIN ISD,NQ,A,'04,REGION 04: HOUSTON
'101916,HARRIS,'101,N,N,LA PORTE ISD,NQ,A,'04,REGION 04: HOUSTON
'101917,HARRIS,'101,N,N,PASADENA ISD,NQ,R,'04,REGION 04: HOUSTON
'101919,HARRIS,'101,N,N,SPRING ISD,NQ,A,'04,REGION 04: HOUSTON
'101920,HARRIS,'101,N,N,SPRING BRANCH ISD,NQ,A,'04,REGION 04: HOUSTON
'101921,HARRIS,'101,N,N,TOMBALL ISD,NQ,A,'04,REGION 04: HOUSTON
'101924,HARRIS,'101,N,N,SHELDON ISD,NQ,A,'04,REGION 04: HOUSTON
'101925,HARRIS,'101,N,N,HUFFMAN ISD,NQ,R,'04,REGION 04: HOUSTON
'102901,HARRISON,'102,N,N,KARNACK ISD,NQ,A,'07,REGION 07: KILGORE
'102902,HARRISON,'102,N,N,MARSHALL ISD,NQ,A,'07,REGION 07: KILGORE
'102903,HARRISON,'102,N,N,WASKOM ISD,NQ,A,'07,REGION 07: KILGORE
'102904,HARRISON,'102,N,N,HALLSVILLE ISD,NQ,A,'07,REGION 07: KILGORE
'102905,HARRISON,'102,N,N,HARLETON ISD,NQ,E,'07,REGION 07: KILGORE
'102906,HARRISON,'102,N,N,ELYSIAN FIELDS ISD,NQ,R,'07,REGION 07: KILGORE
'103901,HARTLEY,'103,N,N,CHANNING ISD,AT,R,'16,REGION 16: AMARILLO
'103902,HARTLEY,'103,N,N,HARTLEY ISD,NQ,R,'16,REGION 16: AMARILLO
'104901,HASKELL,'104,N,N,HASKELL CISD,NQ,R,'14,REGION 14: ABILENE
'104902,HASKELL,'104,N,N,ROCHESTER ISD,NQ,E,'14,REGION 14: ABILENE
'104903,HASKELL,'104,N,N,RULE ISD,NQ,R,'14,REGION 14: ABILENE
'104907,HASKELL,'104,N,N,PAINT CREEK ISD,NQ,A,'14,REGION 14: ABILENE
'105902,HAYS,'105,N,N,SAN MARCOS CONS ISD,NQ,R,'13,REGION 13: AUSTIN
'105904,HAYS,'105,N,N,DRIPPING SPRINGS ISD,NQ,E,'13,REGION 13: AUSTIN
'105905,HAYS,'105,N,N,WIMBERLEY ISD,NQ,E,'13,REGION 13: AUSTIN
'105906,HAYS,'105,N,N,HAYS CONS ISD,NQ,A,'13,REGION 13: AUSTIN
'106901,HEMPHILL,'106,N,N,CANADIAN ISD,NQ,R,'16,REGION 16: AMARILLO
'107901,HENDERSON,'107,N,N,ATHENS ISD,NQ,A,'07,REGION 07: KILGORE
'107902,HENDERSON,'107,N,N,BROWNSBORO ISD,NQ,R,'07,REGION 07: KILGORE
'107904,HENDERSON,'107,N,N,CROSS ROADS ISD,NQ,R,'07,REGION 07: KILGORE
'107905,HENDERSON,'107,N,N,EUSTACE ISD,NQ,R,'07,REGION 07: KILGORE
'107906,HENDERSON,'107,N,N,MALAKOFF ISD,NQ,A,'07,REGION 07: KILGORE
'107907,HENDERSON,'107,N,N,TRINIDAD ISD,NQ,A,'07,REGION 07: KILGORE
'107908,HENDERSON,'107,N,N,MURCHISON ISD,NA,A,'07,REGION 07: KILGORE
'107910,HENDERSON,'107,N,N,LA POYNOR ISD,NQ,R,'07,REGION 07: KILGORE
'108801,HIDALGO,'108,Y,N,ONE STOP MULTISERVICE CHARTER SCHO,CS,C,'01,REGION 01: EDINBURG
'108802,HIDALGO,'108,Y,N,TECHNOLOGY EDUCATION CHARTER HIGH,CS,C,'01,REGION 01: EDINBURG
'108902,HIDALGO,'108,N,N,DONNA ISD,NQ,A,'01,REGION 01: EDINBURG
'108903,HIDALGO,'108,N,N,EDCOUCH-ELSA ISD,NQ,R,'01,REGION 01: EDINBURG
'108904,HIDALGO,'108,N,N,EDINBURG CISD,NQ,A,'01,REGION 01: EDINBURG
'108905,HIDALGO,'108,N,N,HIDALGO ISD,NQ,R,'01,REGION 01: EDINBURG
'108906,HIDALGO,'108,N,P,MCALLEN ISD,NQ,R,'01,REGION 01: EDINBURG
'108907,HIDALGO,'108,N,N,MERCEDES ISD,NQ,A,'01,REGION 01: EDINBURG
'108908,HIDALGO,'108,N,N,MISSION CONS ISD,NQ,R,'01,REGION 01: EDINBURG
'108909,HIDALGO,'108,N,N,PHARR-SAN JUAN-ALAMO ISD,NQ,A,'01,REGION 01: EDINBURG
'108910,HIDALGO,'108,N,N,PROGRESO ISD,NQ,A,'01,REGION 01: EDINBURG
'108911,HIDALGO,'108,N,N,SHARYLAND ISD,NQ,R,'01,REGION 01: EDINBURG
'108912,HIDALGO,'108,N,N,LA JOYA ISD,NQ,A,'01,REGION 01: EDINBURG
'108913,HIDALGO,'108,N,N,WESLACO ISD,NQ,R,'01,REGION 01: EDINBURG
'108914,HIDALGO,'108,N,N,LA VILLA ISD,NQ,A,'01,REGION 01: EDINBURG
'108915,HIDALGO,'108,N,N,MONTE ALTO ISD,NA,R,'01,REGION 01: EDINBURG
'108916,HIDALGO,'108,N,N,VALLEY VIEW ISD,NQ,R,'01,REGION 01: EDINBURG
'109901,HILL,'109,N,N,ABBOTT ISD,NQ,E,'12,REGION 12: WACO
'109902,HILL,'109,N,N,BYNUM ISD,NQ,E,'12,REGION 12: WACO
'109903,HILL,'109,N,N,COVINGTON ISD,NQ,R,'12,REGION 12: WACO
'109904,HILL,'109,N,N,HILLSBORO ISD,NQ,A,'12,REGION 12: WACO
'109905,HILL,'109,N,N,HUBBARD ISD,NQ,A,'12,REGION 12: WACO
'109907,HILL,'109,N,N,ITASCA ISD,NQ,R,'12,REGION 12: WACO
'109908,HILL,'109,N,N,MALONE ISD,NA,E,'12,REGION 12: WACO
'109910,HILL,'109,N,N,MOUNT CALM ISD,NA,A,'12,REGION 12: WACO
'109911,HILL,'109,N,N,WHITNEY ISD,NQ,A,'12,REGION 12: WACO
'109912,HILL,'109,N,N,AQUILLA ISD,NQ,A,'12,REGION 12: WACO
'109913,HILL,'109,N,N,BLUM ISD,NQ,A,'12,REGION 12: WACO
'109914,HILL,'109,N,N,PENELOPE ISD,NQ,R,'12,REGION 12: WACO
'110901,HOCKLEY,'110,N,N,ANTON ISD,NQ,A,'17,REGION 17: LUBBOCK
'110902,HOCKLEY,'110,N,N,LEVELLAND ISD,NQ,A,'17,REGION 17: LUBBOCK
'110905,HOCKLEY,'110,N,N,ROPES ISD,NQ,R,'17,REGION 17: LUBBOCK
'110906,HOCKLEY,'110,N,N,SMYER ISD,NQ,A,'17,REGION 17: LUBBOCK
'110907,HOCKLEY,'110,N,N,SUNDOWN ISD,NQ,E,'17,REGION 17: LUBBOCK
'110908,HOCKLEY,'110,N,N,WHITHARRAL ISD,NQ,R,'17,REGION 17: LUBBOCK
'111901,HOOD,'111,N,N,GRANBURY ISD,NQ,R,'11,REGION 11: FORT WORTH
'111902,HOOD,'111,N,N,LIPAN ISD,NQ,R,'11,REGION 11: FORT WORTH
'111903,HOOD,'111,N,N,TOLAR ISD,NQ,R,'11,REGION 11: FORT WORTH
'112901,HOPKINS,'112,N,N,SULPHUR SPRINGS ISD,NQ,A,'08,REGION 08: MT PLEASANT
'112905,HOPKINS,'112,N,N,CUMBY ISD,NQ,A,'08,REGION 08: MT PLEASANT
'112906,HOPKINS,'112,N,N,NORTH HOPKINS ISD,NQ,A,'08,REGION 08: MT PLEASANT
'112907,HOPKINS,'112,N,N,MILLER GROVE ISD,NQ,A,'08,REGION 08: MT PLEASANT
'112908,HOPKINS,'112,N,N,COMO-PICKTON CISD,NQ,A,'08,REGION 08: MT PLEASANT
'112909,HOPKINS,'112,N,N,SALTILLO ISD,NQ,R,'08,REGION 08: MT PLEASANT
'112910,HOPKINS,'112,N,N,SULPHUR BLUFF ISD,AT,R,'08,REGION 08: MT PLEASANT
'113901,HOUSTON,'113,N,N,CROCKETT ISD,NQ,A,'06,REGION 06: HUNTSVILLE
'113902,HOUSTON,'113,N,N,GRAPELAND ISD,NQ,A,'06,REGION 06: HUNTSVILLE
'113903,HOUSTON,'113,N,N,LOVELADY ISD,NQ,R,'06,REGION 06: HUNTSVILLE
'113905,HOUSTON,'113,N,N,LATEXO ISD,NQ,R,'06,REGION 06: HUNTSVILLE
'113906,HOUSTON,'113,N,N,KENNARD ISD,NQ,A,'06,REGION 06: HUNTSVILLE
'114901,HOWARD,'114,N,N,BIG SPRING ISD,NE,L,'18,REGION 18: MIDLAND
'114902,HOWARD,'114,N,N,COAHOMA ISD,NA,R,'18,REGION 18: MIDLAND
'114904,HOWARD,'114,N,N,FORSAN ISD,NQ,R,'18,REGION 18: MIDLAND
'115901,HUDSPETH,'115,N,N,FT HANCOCK ISD,NQ,A,'19,REGION 19: EL PASO
'115902,HUDSPETH,'115,N,N,SIERRA BLANCA ISD,NQ,A,'19,REGION 19: EL PASO
'115903,HUDSPETH,'115,N,N,DELL CITY ISD,NQ,A,'19,REGION 19: EL PASO
'116901,HUNT,'116,N,N,CADDO MILLS ISD,NQ,E,'10,REGION 10: RICHARDSON
'116902,HUNT,'116,N,N,CELESTE ISD,NQ,E,'10,REGION 10: RICHARDSON
'116903,HUNT,'116,N,N,COMMERCE ISD,NQ,A,'10,REGION 10: RICHARDSON
'116905,HUNT,'116,N,N,GREENVILLE ISD,NQ,A,'10,REGION 10: RICHARDSON
'116906,HUNT,'116,N,N,LONE OAK ISD,NQ,R,'10,REGION 10: RICHARDSON
'116908,HUNT,'116,N,N,QUINLAN ISD,NQ,A,'10,REGION 10: RICHARDSON
'116909,HUNT,'116,N,N,WOLFE CITY ISD,NQ,R,'10,REGION 10: RICHARDSON
'116910,HUNT,'116,N,N,CAMPBELL ISD,NQ,R,'10,REGION 10: RICHARDSON
'116915,HUNT,'116,N,N,BLAND ISD,NQ,R,'10,REGION 10: RICHARDSON
'116916,HUNT,'116,N,N,BOLES ISD,NQ,A,'10,REGION 10: RICHARDSON
'117901,HUTCHINSON,'117,N,N,BORGER ISD,NQ,A,'16,REGION 16: AMARILLO
'117903,HUTCHINSON,'117,N,N,SANFORD ISD,NQ,A,'16,REGION 16: AMARILLO
'117904,HUTCHINSON,'117,N,N,PLEMONS-STINNETT-PHILLIPS CONS ISD,NQ,E,'16,REGION 16: AMARILLO
'117907,HUTCHINSON,'117,N,N,SPRING CREEK ISD,NA,E,'16,REGION 16: AMARILLO
'118902,IRION,'118,N,N,IRION CO ISD,NQ,R,'15,REGION 15: SAN ANGELO
'119901,JACK,'119,N,N,BRYSON ISD,NQ,A,'09,REGION 09: WICHITA FALLS
'119902,JACK,'119,N,N,JACKSBORO ISD,NQ,R,'09,REGION 09: WICHITA FALLS
'119903,JACK,'119,N,N,PERRIN-WHITT CONS ISD,NQ,E,'09,REGION 09: WICHITA FALLS
'120901,JACKSON,'120,N,N,EDNA ISD,NQ,A,'03,REGION 03: VICTORIA
'120902,JACKSON,'120,N,N,GANADO ISD,NQ,A,'03,REGION 03: VICTORIA
'120905,JACKSON,'120,N,N,INDUSTRIAL ISD,NQ,R,'03,REGION 03: VICTORIA
'121902,JASPER,'121,N,N,BROOKELAND ISD,NQ,R,'05,REGION 05: BEAUMONT
'121903,JASPER,'121,N,N,BUNA ISD,NQ,A,'05,REGION 05: BEAUMONT
'121904,JASPER,'121,N,N,JASPER ISD,NQ,A,'05,REGION 05: BEAUMONT
'121905,JASPER,'121,N,N,KIRBYVILLE ISD,NQ,A,'05,REGION 05: BEAUMONT
'121906,JASPER,'121,N,N,EVADALE ISD,NQ,E,'05,REGION 05: BEAUMONT
'122901,JEFF DAVIS,'122,N,N,FT DAVIS ISD,NQ,A,'18,REGION 18: MIDLAND
'122902,JEFF DAVIS,'122,N,N,VALENTINE ISD,NQ,A,'18,REGION 18: MIDLAND
'123905,JEFFERSON,'123,N,N,NEDERLAND ISD,NQ,R,'05,REGION 05: BEAUMONT
'123907,JEFFERSON,'123,N,N,PORT ARTHUR ISD,NQ,A,'05,REGION 05: BEAUMONT
'123908,JEFFERSON,'123,N,N,PORT NECHES-GROVES ISD,NQ,R,'05,REGION 05: BEAUMONT
'123910,JEFFERSON,'123,N,N,BEAUMONT ISD,NQ,A,'05,REGION 05: BEAUMONT
'123913,JEFFERSON,'123,N,N,SABINE PASS ISD,NQ,R,'05,REGION 05: BEAUMONT
'123914,JEFFERSON,'123,N,N,HAMSHIRE-FANNETT ISD,NQ,R,'05,REGION 05: BEAUMONT
'124901,JIM HOGG,'124,N,N,JIM HOGG COUNTY ISD,NQ,R,'01,REGION 01: EDINBURG
'125901,JIM WELLS,'125,N,N,ALICE ISD,NQ,A,'02,REGION 02: CORPUS CHRISTI
'125902,JIM WELLS,'125,N,N,BEN BOLT-PALITO BLANCO CISD,NQ,R,'02,REGION 02: CORPUS CHRISTI
'125903,JIM WELLS,'125,N,N,ORANGE GROVE ISD,NQ,R,'02,REGION 02: CORPUS CHRISTI
'125905,JIM WELLS,'125,N,N,PREMONT ISD,NQ,A,'02,REGION 02: CORPUS CHRISTI
'125906,JIM WELLS,'125,N,N,LA GLORIA ISD,NA,A,'02,REGION 02: CORPUS CHRISTI
'126901,JOHNSON,'126,N,N,ALVARADO ISD,NQ,A,'11,REGION 11: FORT WORTH
'126902,JOHNSON,'126,N,N,BURLESON ISD,NQ,A,'11,REGION 11: FORT WORTH
'126903,JOHNSON,'126,N,N,CLEBURNE ISD,NQ,A,'11,REGION 11: FORT WORTH
'126904,JOHNSON,'126,N,N,GRANDVIEW ISD,NQ,R,'11,REGION 11: FORT WORTH
'126905,JOHNSON,'126,N,N,JOSHUA ISD,NQ,A,'11,REGION 11: FORT WORTH
'126906,JOHNSON,'126,N,N,KEENE ISD,NQ,R,'11,REGION 11: FORT WORTH
'126907,JOHNSON,'126,N,N,RIO VISTA ISD,NQ,R,'11,REGION 11: FORT WORTH
'126908,JOHNSON,'126,N,N,VENUS ISD,NQ,A,'11,REGION 11: FORT WORTH
'126911,JOHNSON,'126,N,N,GODLEY ISD,NQ,A,'11,REGION 11: FORT WORTH
'127901,JONES,'127,N,N,ANSON ISD,NQ,R,'14,REGION 14: ABILENE
'127903,JONES,'127,N,N,HAMLIN ISD,NQ,R,'14,REGION 14: ABILENE
'127904,JONES,'127,N,N,HAWLEY ISD,NQ,A,'14,REGION 14: ABILENE
'127905,JONES,'127,N,N,LUEDERS-AVOCA ISD,NQ,R,'14,REGION 14: ABILENE
'127906,JONES,'127,N,N,STAMFORD ISD,NQ,A,'14,REGION 14: ABILENE
'128901,KARNES,'128,N,N,KARNES CITY ISD,NQ,A,'03,REGION 03: VICTORIA
'128902,KARNES,'128,N,N,KENEDY ISD,NQ,A,'03,REGION 03: VICTORIA
'128903,KARNES,'128,N,N,RUNGE ISD,NQ,A,'03,REGION 03: VICTORIA
'128904,KARNES,'128,N,N,FALLS CITY ISD,NQ,A,'03,REGION 03: VICTORIA
'129901,KAUFMAN,'129,N,N,CRANDALL ISD,NQ,A,'10,REGION 10: RICHARDSON
'129902,KAUFMAN,'129,N,N,FORNEY ISD,NQ,R,'10,REGION 10: RICHARDSON
'129903,KAUFMAN,'129,N,N,KAUFMAN ISD,NQ,R,'10,REGION 10: RICHARDSON
'129904,KAUFMAN,'129,N,N,KEMP ISD,NQ,A,'10,REGION 10: RICHARDSON
'129905,KAUFMAN,'129,N,N,MABANK ISD,NQ,R,'10,REGION 10: RICHARDSON
'129906,KAUFMAN,'129,N,N,TERRELL ISD,NQ,R,'10,REGION 10: RICHARDSON
'129910,KAUFMAN,'129,N,N,SCURRY-ROSSER ISD,NQ,R,'10,REGION 10: RICHARDSON
'130901,KENDALL,'130,N,N,BOERNE ISD,NQ,R,'20,REGION 20: SAN ANTONIO
'130902,KENDALL,'130,N,N,COMFORT ISD,NQ,A,'13,REGION 13: AUSTIN
'131001,KENEDY,'131,N,N,KENEDY COUNTY WIDE CSD,NA,R,'02,REGION 02: CORPUS CHRISTI
'132902,KENT,'132,N,N,JAYTON-GIRARD ISD,NQ,R,'17,REGION 17: LUBBOCK
'133901,KERR,'133,N,N,CENTER POINT ISD,NQ,R,'20,REGION 20: SAN ANTONIO
'133902,KERR,'133,N,N,HUNT ISD,NA,R,'20,REGION 20: SAN ANTONIO
'133903,KERR,'133,N,N,KERRVILLE ISD,NQ,R,'20,REGION 20: SAN ANTONIO
'133904,KERR,'133,N,N,INGRAM ISD,NQ,A,'20,REGION 20: SAN ANTONIO
'133905,KERR,'133,N,N,DIVIDE ISD,NA,R,'20,REGION 20: SAN ANTONIO
'134901,KIMBLE,'134,N,N,JUNCTION ISD,NQ,A,'15,REGION 15: SAN ANGELO
'135001,KING,'135,N,N,GUTHRIE CSD,NQ,E,'17,REGION 17: LUBBOCK
'136901,KINNEY,'136,N,N,BRACKETT ISD,NQ,R,'20,REGION 20: SAN ANTONIO
'137901,KLEBERG,'137,N,N,KINGSVILLE ISD,NQ,R,'02,REGION 02: CORPUS CHRISTI
'137902,KLEBERG,'137,N,N,RICARDO ISD,NA,A,'02,REGION 02: CORPUS CHRISTI
'137903,KLEBERG,'137,N,N,RIVIERA ISD,NQ,A,'02,REGION 02: CORPUS CHRISTI
'137904,KLEBERG,'137,N,N,SANTA GERTRUDIS ISD,NQ,A,'02,REGION 02: CORPUS CHRISTI
'138901,KNOX,'138,N,N,GOREE ISD,NQ,A,'09,REGION 09: WICHITA FALLS
'138902,KNOX,'138,N,N,KNOX CITY-O'BRIEN ISD,NQ,A,'09,REGION 09: WICHITA FALLS
'138903,KNOX,'138,N,N,MUNDAY ISD,NQ,A,'09,REGION 09: WICHITA FALLS
'138904,KNOX,'138,N,N,BENJAMIN ISD,NQ,R,'09,REGION 09: WICHITA FALLS
'139905,LAMAR,'139,N,N,CHISUM ISD,NQ,A,'08,REGION 08: MT PLEASANT
'139908,LAMAR,'139,N,N,ROXTON ISD,NQ,R,'08,REGION 08: MT PLEASANT
'139909,LAMAR,'139,N,N,PARIS ISD,NQ,A,'08,REGION 08: MT PLEASANT
'139911,LAMAR,'139,N,N,NORTH LAMAR ISD,NQ,A,'08,REGION 08: MT PLEASANT
'139912,LAMAR,'139,N,N,PRAIRILAND ISD,NQ,R,'08,REGION 08: MT PLEASANT
'140901,LAMB,'140,N,N,AMHERST ISD,NQ,A,'17,REGION 17: LUBBOCK
'140904,LAMB,'140,N,N,LITTLEFIELD ISD,NQ,A,'17,REGION 17: LUBBOCK
'140905,LAMB,'140,N,N,OLTON ISD,NQ,A,'17,REGION 17: LUBBOCK
'140906,LAMB,'140,N,N,SPADE ISD,NQ,A,'17,REGION 17: LUBBOCK
'140907,LAMB,'140,N,N,SPRINGLAKE-EARTH ISD,NQ,E,'17,REGION 17: LUBBOCK
'140908,LAMB,'140,N,N,SUDAN ISD,NQ,R,'17,REGION 17: LUBBOCK
'141801,LAMPASAS,'141,Y,N,CEDAR RIDGE CHARTER SCHOOL,CS,C,'12,REGION 12: WACO
'141901,LAMPASAS,'141,N,N,LAMPASAS ISD,NQ,A,'12,REGION 12: WACO
'141902,LAMPASAS,'141,N,N,LOMETA ISD,NQ,R,'12,REGION 12: WACO
'142901,LA SALLE,'142,N,N,COTULLA ISD,NQ,A,'20,REGION 20: SAN ANTONIO
'143901,LAVACA,'143,N,N,HALLETTSVILLE ISD,NQ,A,'03,REGION 03: VICTORIA
'143902,LAVACA,'143,N,N,MOULTON ISD,NQ,E,'03,REGION 03: VICTORIA
'143903,LAVACA,'143,N,N,SHINER ISD,NQ,R,'03,REGION 03: VICTORIA
'143904,LAVACA,'143,N,N,VYSEHRAD ISD,NA,E,'03,REGION 03: VICTORIA
'143905,LAVACA,'143,N,N,SWEET HOME ISD,NA,R,'03,REGION 03: VICTORIA
'143906,LAVACA,'143,N,N,EZZELL ISD,NA,E,'03,REGION 03: VICTORIA
'144901,LEE,'144,N,N,GIDDINGS ISD,NQ,A,'13,REGION 13: AUSTIN
'144902,LEE,'144,N,N,LEXINGTON ISD,NQ,A,'13,REGION 13: AUSTIN
'144903,LEE,'144,N,N,DIME BOX ISD,NQ,A,'13,REGION 13: AUSTIN
'145901,LEON,'145,N,N,BUFFALO ISD,NQ,A,'06,REGION 06: HUNTSVILLE
'145902,LEON,'145,N,N,CENTERVILLE ISD,NQ,A,'06,REGION 06: HUNTSVILLE
'145906,LEON,'145,N,N,NORMANGEE ISD,NQ,A,'06,REGION 06: HUNTSVILLE
'145907,LEON,'145,N,N,OAKWOOD ISD,NQ,A,'06,REGION 06: HUNTSVILLE
'145911,LEON,'145,N,N,LEON ISD,NQ,R,'06,REGION 06: HUNTSVILLE
'146901,LIBERTY,'146,N,N,CLEVELAND ISD,NE,L,'04,REGION 04: HOUSTON
'146902,LIBERTY,'146,N,N,DAYTON ISD,NQ,R,'04,REGION 04: HOUSTON
'146903,LIBERTY,'146,N,N,DEVERS ISD,NA,R,'04,REGION 04: HOUSTON
'146904,LIBERTY,'146,N,N,HARDIN ISD,NQ,A,'04,REGION 04: HOUSTON
'146905,LIBERTY,'146,N,N,HULL-DAISETTA ISD,NE,L,'04,REGION 04: HOUSTON
'146906,LIBERTY,'146,N,N,LIBERTY ISD,NQ,A,'04,REGION 04: HOUSTON
'146907,LIBERTY,'146,N,N,TARKINGTON ISD,NQ,A,'04,REGION 04: HOUSTON
'147901,LIMESTONE,'147,N,N,COOLIDGE ISD,NQ,E,'12,REGION 12: WACO
'147902,LIMESTONE,'147,N,N,GROESBECK ISD,NQ,A,'12,REGION 12: WACO
'147903,LIMESTONE,'147,N,N,MEXIA ISD,NQ,A,'12,REGION 12: WACO
'148901,LIPSCOMB,'148,N,N,BOOKER ISD,NQ,R,'16,REGION 16: AMARILLO
'148902,LIPSCOMB,'148,N,N,FOLLETT ISD,NQ,E,'16,REGION 16: AMARILLO
'148903,LIPSCOMB,'148,N,N,HIGGINS ISD,NQ,R,'16,REGION 16: AMARILLO
'148905,LIPSCOMB,'148,N,N,DARROUZETT ISD,NA,E,'16,REGION 16: AMARILLO
'149901,LIVE OAK,'149,N,N,GEORGE WEST ISD,NQ,R,'02,REGION 02: CORPUS CHRISTI
'149902,LIVE OAK,'149,N,N,THREE RIVERS ISD,NE,L,'02,REGION 02: CORPUS CHRISTI
'150901,LLANO,'150,N,N,LLANO ISD,NQ,R,'13,REGION 13: AUSTIN
'152901,LUBBOCK,'152,N,N,LUBBOCK ISD,NQ,A,'17,REGION 17: LUBBOCK
'152902,LUBBOCK,'152,N,N,NEW DEAL ISD,NQ,A,'17,REGION 17: LUBBOCK
'152903,LUBBOCK,'152,N,N,SLATON ISD,NQ,A,'17,REGION 17: LUBBOCK
'152906,LUBBOCK,'152,N,N,LUBBOCK-COOPER ISD,NQ,R,'17,REGION 17: LUBBOCK
'152907,LUBBOCK,'152,N,N,FRENSHIP ISD,NQ,R,'17,REGION 17: LUBBOCK
'152908,LUBBOCK,'152,N,N,ROOSEVELT ISD,NQ,A,'17,REGION 17: LUBBOCK
'152909,LUBBOCK,'152,N,N,SHALLOWATER ISD,NQ,A,'17,REGION 17: LUBBOCK
'152910,LUBBOCK,'152,N,N,IDALOU ISD,NQ,R,'17,REGION 17: LUBBOCK
'153903,LYNN,'153,N,N,O'DONNELL ISD,NQ,R,'17,REGION 17: LUBBOCK
'153904,LYNN,'153,N,N,TAHOKA ISD,NQ,A,'17,REGION 17: LUBBOCK
'153905,LYNN,'153,N,N,NEW HOME ISD,NQ,A,'17,REGION 17: LUBBOCK
'153907,LYNN,'153,N,N,WILSON ISD,NQ,A,'17,REGION 17: LUBBOCK
'154901,MADISON,'154,N,N,MADISONVILLE CONS ISD,NQ,A,'06,REGION 06: HUNTSVILLE
'154903,MADISON,'154,N,N,NORTH ZULCH ISD,NA,A,'06,REGION 06: HUNTSVILLE
'155901,MARION,'155,N,N,JEFFERSON ISD,NQ,A,'08,REGION 08: MT PLEASANT
'156902,MARTIN,'156,N,N,STANTON ISD,NA,A,'18,REGION 18: MIDLAND
'156905,MARTIN,'156,N,N,GRADY ISD,NQ,E,'18,REGION 18: MIDLAND
'157901,MASON,'157,N,N,MASON ISD,NQ,R,'15,REGION 15: SAN ANGELO
'158901,MATAGORDA,'158,N,N,BAY CITY ISD,NQ,A,'03,REGION 03: VICTORIA
'158902,MATAGORDA,'158,N,N,TIDEHAVEN ISD,NQ,A,'03,REGION 03: VICTORIA
'158904,MATAGORDA,'158,N,N,MATAGORDA ISD,NA,R,'03,REGION 03: VICTORIA
'158905,MATAGORDA,'158,N,N,PALACIOS ISD,NQ,A,'03,REGION 03: VICTORIA
'158906,MATAGORDA,'158,N,N,VAN VLECK ISD,NQ,A,'03,REGION 03: VICTORIA
'159901,MAVERICK,'159,N,N,EAGLE PASS ISD,NQ,A,'20,REGION 20: SAN ANTONIO
'160901,MCCULLOCH,'160,N,N,BRADY ISD,NQ,R,'15,REGION 15: SAN ANGELO
'160904,MCCULLOCH,'160,N,N,ROCHELLE ISD,NQ,R,'15,REGION 15: SAN ANGELO
'160905,MCCULLOCH,'160,N,N,LOHN ISD,NQ,E,'15,REGION 15: SAN ANGELO
'161801,MCLENNAN,'161,Y,N,WACO CHARTER SCHOOL,CS,C,'12,REGION 12: WACO
'161802,MCLENNAN,'161,Y,N,EAST WACO SCHOOL,CS,C,'12,REGION 12: WACO
'161803,MCLENNAN,'161,Y,N,E L HARRISON CHARTER SCHOOL,CS,C,'12,REGION 12: WACO
'161901,MCLENNAN,'161,N,N,CRAWFORD ISD,NQ,E,'12,REGION 12: WACO
'161903,MCLENNAN,'161,N,N,MIDWAY ISD,NQ,R,'12,REGION 12: WACO
'161906,MCLENNAN,'161,N,N,LA VEGA ISD,NQ,A,'12,REGION 12: WACO
'161907,MCLENNAN,'161,N,N,LORENA ISD,NQ,E,'12,REGION 12: WACO
'161908,MCLENNAN,'161,N,N,MART ISD,NQ,A,'12,REGION 12: WACO
'161909,MCLENNAN,'161,N,N,MCGREGOR ISD,NQ,R,'12,REGION 12: WACO
'161910,MCLENNAN,'161,N,N,MOODY ISD,NQ,A,'12,REGION 12: WACO
'161912,MCLENNAN,'161,N,N,RIESEL ISD,NQ,A,'12,REGION 12: WACO
'161914,MCLENNAN,'161,N,N,WACO ISD,NQ,A,'12,REGION 12: WACO
'161916,MCLENNAN,'161,N,N,WEST ISD,NQ,R,'12,REGION 12: WACO
'161918,MCLENNAN,'161,N,N,AXTELL ISD,NQ,A,'12,REGION 12: WACO
'161919,MCLENNAN,'161,N,N,BRUCEVILLE-EDDY ISD,NQ,A,'12,REGION 12: WACO
'161920,MCLENNAN,'161,N,N,CHINA SPRING ISD,NQ,R,'12,REGION 12: WACO
'161921,MCLENNAN,'161,N,N,CONNALLY ISD,NQ,R,'12,REGION 12: WACO
'161922,MCLENNAN,'161,N,N,ROBINSON ISD,NQ,R,'12,REGION 12: WACO
'161923,MCLENNAN,'161,N,N,BOSQUEVILLE ISD,NQ,A,'12,REGION 12: WACO
'161924,MCLENNAN,'161,N,N,HALLSBURG ISD,NA,E,'12,REGION 12: WACO
'161925,MCLENNAN,'161,N,N,GHOLSON ISD,NA,R,'12,REGION 12: WACO
'162904,MCMULLEN,'162,N,N,MCMULLEN COUNTY ISD,NQ,R,'02,REGION 02: CORPUS CHRISTI
'163901,MEDINA,'163,N,N,DEVINE ISD,NQ,A,'20,REGION 20: SAN ANTONIO
'163902,MEDINA,'163,N,N,D'HANIS ISD,NQ,R,'20,REGION 20: SAN ANTONIO
'163903,MEDINA,'163,N,N,NATALIA ISD,NQ,R,'20,REGION 20: SAN ANTONIO
'163904,MEDINA,'163,N,N,HONDO ISD,NQ,A,'20,REGION 20: SAN ANTONIO
'163908,MEDINA,'163,N,N,MEDINA VALLEY ISD,NQ,A,'20,REGION 20: SAN ANTONIO
'164901,MENARD,'164,N,N,MENARD ISD,NQ,R,'15,REGION 15: SAN ANGELO
'165901,MIDLAND,'165,N,N,MIDLAND ISD,NQ,A,'18,REGION 18: MIDLAND
'165902,MIDLAND,'165,N,N,GREENWOOD ISD,NQ,A,'18,REGION 18: MIDLAND
'166901,MILAM,'166,N,N,CAMERON ISD,NQ,A,'06,REGION 06: HUNTSVILLE
'166902,MILAM,'166,N,N,GAUSE ISD,NA,A,'06,REGION 06: HUNTSVILLE
'166903,MILAM,'166,N,N,MILANO ISD,NA,R,'06,REGION 06: HUNTSVILLE
'166904,MILAM,'166,N,N,ROCKDALE ISD,NQ,R,'06,REGION 06: HUNTSVILLE
'166905,MILAM,'166,N,N,THORNDALE ISD,NQ,R,'13,REGION 13: AUSTIN
'166907,MILAM,'166,N,N,BUCKHOLTS ISD,NQ,A,'06,REGION 06: HUNTSVILLE
'167901,MILLS,'167,N,N,GOLDTHWAITE ISD,NQ,R,'12,REGION 12: WACO
'167902,MILLS,'167,N,N,MULLIN ISD,NQ,A,'12,REGION 12: WACO
'167903,MILLS,'167,N,N,STAR ISD,AC,A,'12,REGION 12: WACO
'167904,MILLS,'167,N,N,PRIDDY ISD,NA,R,'12,REGION 12: WACO
'168901,MITCHELL,'168,N,N,COLORADO ISD,NQ,A,'14,REGION 14: ABILENE
'168902,MITCHELL,'168,N,N,LORAINE ISD,NQ,A,'14,REGION 14: ABILENE
'168903,MITCHELL,'168,N,N,WESTBROOK ISD,NQ,A,'14,REGION 14: ABILENE
'169901,MONTAGUE,'169,N,N,BOWIE ISD,NQ,R,'09,REGION 09: WICHITA FALLS
'169902,MONTAGUE,'169,N,N,NOCONA ISD,NQ,E,'09,REGION 09: WICHITA FALLS
'169906,MONTAGUE,'169,N,N,GOLD BURG ISD,NQ,A,'09,REGION 09: WICHITA FALLS
'169908,MONTAGUE,'169,N,N,MONTAGUE ISD,NA,A,'09,REGION 09: WICHITA FALLS
'169909,MONTAGUE,'169,N,N,PRAIRIE VALLEY ISD,NQ,E,'09,REGION 09: WICHITA FALLS
'169910,MONTAGUE,'169,N,N,FORESTBURG ISD,NQ,R,'09,REGION 09: WICHITA FALLS
'169911,MONTAGUE,'169,N,N,SAINT JO ISD,NQ,R,'09,REGION 09: WICHITA FALLS
'170902,MONTGOMERY,'170,N,N,CONROE ISD,NQ,A,'06,REGION 06: HUNTSVILLE
'170903,MONTGOMERY,'170,N,N,MONTGOMERY ISD,NQ,R,'06,REGION 06: HUNTSVILLE
'170904,MONTGOMERY,'170,N,N,WILLIS ISD,NQ,R,'06,REGION 06: HUNTSVILLE
'170906,MONTGOMERY,'170,N,N,MAGNOLIA ISD,NQ,A,'06,REGION 06: HUNTSVILLE
'170907,MONTGOMERY,'170,N,N,SPLENDORA ISD,NQ,R,'06,REGION 06: HUNTSVILLE
'170908,MONTGOMERY,'170,N,N,NEW CANEY ISD,NQ,A,'06,REGION 06: HUNTSVILLE
'171901,MOORE,'171,N,N,DUMAS ISD,NQ,R,'16,REGION 16: AMARILLO
'171902,MOORE,'171,N,N,SUNRAY ISD,NQ,R,'16,REGION 16: AMARILLO
'172902,MORRIS,'172,N,N,DAINGERFIELD-LONE STAR ISD,NQ,A,'08,REGION 08: MT PLEASANT
'172905,MORRIS,'172,N,N,PEWITT ISD,NQ,A,'08,REGION 08: MT PLEASANT
'173901,MOTLEY,'173,N,N,MOTLEY COUNTY ISD,NQ,A,'17,REGION 17: LUBBOCK
'174901,NACOGDOCHES,'174,N,N,CHIRENO ISD,NQ,A,'07,REGION 07: KILGORE
'174902,NACOGDOCHES,'174,N,N,CUSHING ISD,NQ,E,'07,REGION 07: KILGORE
'174903,NACOGDOCHES,'174,N,N,GARRISON ISD,NQ,R,'07,REGION 07: KILGORE
'174904,NACOGDOCHES,'174,N,N,NACOGDOCHES ISD,NQ,A,'07,REGION 07: KILGORE
'174906,NACOGDOCHES,'174,N,N,WODEN ISD,NQ,E,'07,REGION 07: KILGORE
'174908,NACOGDOCHES,'174,N,N,CENTRAL HEIGHTS ISD,NQ,E,'07,REGION 07: KILGORE
'174909,NACOGDOCHES,'174,N,N,MARTINSVILLE ISD,NQ,R,'07,REGION 07: KILGORE
'174910,NACOGDOCHES,'174,N,N,ETOILE ISD,NA,R,'07,REGION 07: KILGORE
'174911,NACOGDOCHES,'174,N,N,DOUGLASS ISD,NQ,E,'07,REGION 07: KILGORE
'175902,NAVARRO,'175,N,N,BLOOMING GROVE ISD,NQ,A,'12,REGION 12: WACO
'175903,NAVARRO,'175,N,N,CORSICANA ISD,NQ,A,'12,REGION 12: WACO
'175904,NAVARRO,'175,N,N,DAWSON ISD,NQ,R,'12,REGION 12: WACO
'175905,NAVARRO,'175,N,N,FROST ISD,NQ,R,'12,REGION 12: WACO
'175907,NAVARRO,'175,N,N,KERENS ISD,NQ,A,'12,REGION 12: WACO
'175910,NAVARRO,'175,N,N,MILDRED ISD,NQ,E,'12,REGION 12: WACO
'175911,NAVARRO,'175,N,N,RICE ISD,NA,A,'12,REGION 12: WACO
'176901,NEWTON,'176,N,N,BURKEVILLE ISD,NE,A,'05,REGION 05: BEAUMONT
'176902,NEWTON,'176,N,N,NEWTON ISD,NQ,R,'05,REGION 05: BEAUMONT
'176903,NEWTON,'176,N,N,DEWEYVILLE ISD,NQ,R,'05,REGION 05: BEAUMONT
'177901,NOLAN,'177,N,N,ROSCOE ISD,NQ,R,'14,REGION 14: ABILENE
'177902,NOLAN,'177,N,N,SWEETWATER ISD,NQ,A,'14,REGION 14: ABILENE
'177903,NOLAN,'177,N,N,BLACKWELL CONS ISD,NQ,A,'14,REGION 14: ABILENE
'177905,NOLAN,'177,N,N,HIGHLAND ISD,NQ,A,'14,REGION 14: ABILENE
'178801,NUECES,'178,Y,N,ACADEMY OF TRANSITIONAL STUDIES,CS,C,'02,REGION 02: CORPUS CHRISTI
'178802,NUECES,'178,Y,N,SEASHORE LEARNING CTR CHARTER,CS,C,'02,REGION 02: CORPUS CHRISTI
'178803,NUECES,'178,Y,N,COASTAL BEND YOUTH CITY,CS,C,'02,REGION 02: CORPUS CHRISTI
'178901,NUECES,'178,N,N,AGUA DULCE ISD,NQ,A,'02,REGION 02: CORPUS CHRISTI
'178902,NUECES,'178,N,N,BISHOP CONS ISD,NQ,R,'02,REGION 02: CORPUS CHRISTI
'178903,NUECES,'178,N,N,CALALLEN ISD,NQ,R,'02,REGION 02: CORPUS CHRISTI
'178904,NUECES,'178,N,N,CORPUS CHRISTI ISD,NQ,A,'02,REGION 02: CORPUS CHRISTI
'178905,NUECES,'178,N,C,DRISCOLL ISD,NA,A,'02,REGION 02: CORPUS CHRISTI
'178906,NUECES,'178,N,N,LONDON ISD,NA,R,'02,REGION 02: CORPUS CHRISTI
'178908,NUECES,'178,N,N,PORT ARANSAS ISD,AC,R,'02,REGION 02: CORPUS CHRISTI
'178909,NUECES,'178,N,C,ROBSTOWN ISD,NQ,A,'02,REGION 02: CORPUS CHRISTI
'178912,NUECES,'178,N,C,TULOSO-MIDWAY ISD,NQ,R,'02,REGION 02: CORPUS CHRISTI
'178913,NUECES,'178,N,N,BANQUETE ISD,NQ,R,'02,REGION 02: CORPUS CHRISTI
'178914,NUECES,'178,N,N,FLOUR BLUFF ISD,NQ,R,'02,REGION 02: CORPUS CHRISTI
'178915,NUECES,'178,N,N,WEST OSO ISD,NQ,A,'02,REGION 02: CORPUS CHRISTI
'179901,OCHILTREE,'179,N,N,PERRYTON ISD,NQ,R,'16,REGION 16: AMARILLO
'180901,OLDHAM,'180,N,N,BOYS RANCH ISD,NQ,R,'16,REGION 16: AMARILLO
'180902,OLDHAM,'180,N,N,VEGA ISD,NQ,E,'16,REGION 16: AMARILLO
'180903,OLDHAM,'180,N,N,ADRIAN ISD,NQ,E,'16,REGION 16: AMARILLO
'180904,OLDHAM,'180,N,N,WILDORADO ISD,NA,E,'16,REGION 16: AMARILLO
'181901,ORANGE,'181,N,N,BRIDGE CITY ISD,NQ,A,'05,REGION 05: BEAUMONT
'181905,ORANGE,'181,N,N,ORANGEFIELD ISD,NQ,R,'05,REGION 05: BEAUMONT
'181906,ORANGE,'181,N,N,WEST ORANGE-COVE CONS ISD,NQ,A,'05,REGION 05: BEAUMONT
'181907,ORANGE,'181,N,N,VIDOR ISD,NQ,R,'05,REGION 05: BEAUMONT
'181908,ORANGE,'181,N,N,LITTLE CYPRESS-MAURICEVILLE CISD,NQ,A,'05,REGION 05: BEAUMONT
'182901,PALO PINTO,'182,N,N,GORDON ISD,NQ,E,'11,REGION 11: FORT WORTH
'182902,PALO PINTO,'182,N,N,GRAFORD ISD,NQ,R,'11,REGION 11: FORT WORTH
'182903,PALO PINTO,'182,N,N,MINERAL WELLS ISD,NQ,A,'11,REGION 11: FORT WORTH
'182904,PALO PINTO,'182,N,N,SANTO ISD,NQ,A,'11,REGION 11: FORT WORTH
'182905,PALO PINTO,'182,N,N,STRAWN ISD,NQ,E,'11,REGION 11: FORT WORTH
'182906,PALO PINTO,'182,N,N,PALO PINTO ISD,NA,E,'11,REGION 11: FORT WORTH
'183901,PANOLA,'183,N,N,BECKVILLE ISD,NQ,A,'07,REGION 07: KILGORE
'183902,PANOLA,'183,N,N,CARTHAGE ISD,NQ,A,'07,REGION 07: KILGORE
'183904,PANOLA,'183,N,N,GARY ISD,NQ,A,'07,REGION 07: KILGORE
'184901,PARKER,'184,N,N,POOLVILLE ISD,NQ,A,'11,REGION 11: FORT WORTH
'184902,PARKER,'184,N,N,SPRINGTOWN ISD,NQ,R,'11,REGION 11: FORT WORTH
'184903,PARKER,'184,N,N,WEATHERFORD ISD,NQ,A,'11,REGION 11: FORT WORTH
'184904,PARKER,'184,N,N,MILLSAP ISD,NQ,R,'11,REGION 11: FORT WORTH
'184907,PARKER,'184,N,N,ALEDO ISD,NQ,E,'11,REGION 11: FORT WORTH
'184908,PARKER,'184,N,N,PEASTER ISD,NQ,R,'11,REGION 11: FORT WORTH
'184909,PARKER,'184,N,N,BROCK ISD,NQ,R,'11,REGION 11: FORT WORTH
'184911,PARKER,'184,N,N,GARNER ISD,NA,R,'11,REGION 11: FORT WORTH
'185901,PARMER,'185,N,N,BOVINA ISD,NQ,A,'16,REGION 16: AMARILLO
'185902,PARMER,'185,N,N,FARWELL ISD,AT,R,'16,REGION 16: AMARILLO
'185903,PARMER,'185,N,N,FRIONA ISD,NQ,R,'16,REGION 16: AMARILLO
'185904,PARMER,'185,N,N,LAZBUDDIE ISD,NQ,E,'16,REGION 16: AMARILLO
'186901,PECOS,'186,N,N,BUENA VISTA ISD,NQ,R,'18,REGION 18: MIDLAND
'186902,PECOS,'186,N,N,FT STOCKTON ISD,NQ,A,'18,REGION 18: MIDLAND
'186903,PECOS,'186,N,N,IRAAN-SHEFFIELD ISD,NQ,R,'18,REGION 18: MIDLAND
'187901,POLK,'187,N,N,BIG SANDY ISD,NQ,A,'06,REGION 06: HUNTSVILLE
'187903,POLK,'187,N,N,GOODRICH ISD,NE,L,'06,REGION 06: HUNTSVILLE
'187904,POLK,'187,N,N,CORRIGAN-CAMDEN ISD,NQ,A,'06,REGION 06: HUNTSVILLE
'187906,POLK,'187,N,N,LEGGETT ISD,NQ,A,'06,REGION 06: HUNTSVILLE
'187907,POLK,'187,N,N,LIVINGSTON ISD,NQ,A,'06,REGION 06: HUNTSVILLE
'187910,POLK,'187,N,N,ONALASKA ISD,NA,A,'06,REGION 06: HUNTSVILLE
'188901,POTTER,'188,N,N,AMARILLO ISD,NQ,A,'16,REGION 16: AMARILLO
'188902,POTTER,'188,N,N,RIVER ROAD ISD,NQ,A,'16,REGION 16: AMARILLO
'188903,POTTER,'188,N,N,HIGHLAND PARK ISD,NQ,R,'16,REGION 16: AMARILLO
'188904,POTTER,'188,N,N,BUSHLAND ISD,NA,R,'16,REGION 16: AMARILLO
'189901,PRESIDIO,'189,N,N,MARFA ISD,NQ,A,'18,REGION 18: MIDLAND
'189902,PRESIDIO,'189,N,N,PRESIDIO ISD,NQ,A,'18,REGION 18: MIDLAND
'190903,RAINS,'190,N,N,RAINS ISD,NQ,R,'07,REGION 07: KILGORE
'191901,RANDALL,'191,N,N,CANYON ISD,NQ,R,'16,REGION 16: AMARILLO
'192901,REAGAN,'192,N,N,REAGAN COUNTY ISD,NQ,R,'18,REGION 18: MIDLAND
'193902,REAL,'193,N,N,LEAKEY ISD,NQ,A,'20,REGION 20: SAN ANTONIO
'194902,RED RIVER,'194,N,N,AVERY ISD,NQ,A,'08,REGION 08: MT PLEASANT
'194903,RED RIVER,'194,N,N,TALCO-BOGATA CONS ISD,NQ,R,'08,REGION 08: MT PLEASANT
'194904,RED RIVER,'194,N,N,CLARKSVILLE ISD,NQ,A,'08,REGION 08: MT PLEASANT
'194905,RED RIVER,'194,N,N,DETROIT ISD,NQ,A,'08,REGION 08: MT PLEASANT
'195901,REEVES,'195,N,N,PECOS-BARSTOW-TOYAH ISD,NQ,A,'18,REGION 18: MIDLAND
'195902,REEVES,'195,N,N,BALMORHEA ISD,NQ,A,'18,REGION 18: MIDLAND
'196901,REFUGIO,'196,N,N,AUSTWELL-TIVOLI ISD,NQ,A,'03,REGION 03: VICTORIA
'196902,REFUGIO,'196,N,N,WOODSBORO ISD,NQ,R,'03,REGION 03: VICTORIA
'196903,REFUGIO,'196,N,N,REFUGIO ISD,NQ,A,'03,REGION 03: VICTORIA
'197902,ROBERTS,'197,N,N,MIAMI ISD,NQ,E,'16,REGION 16: AMARILLO
'198901,ROBERTSON,'198,N,N,BREMOND ISD,NQ,R,'06,REGION 06: HUNTSVILLE
'198902,ROBERTSON,'198,N,N,CALVERT ISD,NQ,A,'06,REGION 06: HUNTSVILLE
'198903,ROBERTSON,'198,N,N,FRANKLIN ISD,NQ,R,'06,REGION 06: HUNTSVILLE
'198905,ROBERTSON,'198,N,N,HEARNE ISD,NQ,A,'06,REGION 06: HUNTSVILLE
'198906,ROBERTSON,'198,N,N,MUMFORD ISD,NA,A,'06,REGION 06: HUNTSVILLE
'199901,ROCKWALL,'199,N,N,ROCKWALL ISD,NQ,R,'10,REGION 10: RICHARDSON
'199902,ROCKWALL,'199,N,N,ROYSE CITY ISD,NQ,R,'10,REGION 10: RICHARDSON
'200901,RUNNELS,'200,N,N,BALLINGER ISD,NQ,R,'15,REGION 15: SAN ANGELO
'200902,RUNNELS,'200,N,N,MILES ISD,NQ,R,'15,REGION 15: SAN ANGELO
'200904,RUNNELS,'200,N,N,WINTERS ISD,NQ,A,'15,REGION 15: SAN ANGELO
'200906,RUNNELS,'200,N,N,OLFEN ISD,NA,R,'15,REGION 15: SAN ANGELO
'201902,RUSK,'201,N,N,HENDERSON ISD,NQ,A,'07,REGION 07: KILGORE
'201903,RUSK,'201,N,N,LANEVILLE ISD,NQ,A,'07,REGION 07: KILGORE
'201904,RUSK,'201,N,N,LEVERETTS CHAPEL ISD,NQ,A,'07,REGION 07: KILGORE
'201907,RUSK,'201,N,N,MOUNT ENTERPRISE ISD,NQ,R,'07,REGION 07: KILGORE
'201908,RUSK,'201,N,N,OVERTON ISD,NQ,R,'07,REGION 07: KILGORE
'201910,RUSK,'201,N,N,TATUM ISD,NQ,R,'07,REGION 07: KILGORE
'201913,RUSK,'201,N,N,CARLISLE ISD,NQ,A,'07,REGION 07: KILGORE
'201914,RUSK,'201,N,N,WEST RUSK ISD,NQ,A,'07,REGION 07: KILGORE
'202903,SABINE,'202,N,N,HEMPHILL ISD,NQ,A,'07,REGION 07: KILGORE
'202905,SABINE,'202,N,N,WEST SABINE ISD,NQ,A,'07,REGION 07: KILGORE
'203901,SAN AUGUSTINE,'203,N,N,SAN AUGUSTINE ISD,NQ,A,'07,REGION 07: KILGORE
'203902,SAN AUGUSTINE,'203,N,N,BROADDUS ISD,NQ,R,'07,REGION 07: KILGORE
'204901,SAN JACINTO,'204,N,N,COLDSPRING-OAKHURST CONS ISD,NQ,A,'06,REGION 06: HUNTSVILLE
'204904,SAN JACINTO,'204,N,N,SHEPHERD ISD,NQ,A,'06,REGION 06: HUNTSVILLE
'205901,SAN PATRICIO,'205,N,N,ARANSAS PASS ISD,NQ,A,'02,REGION 02: CORPUS CHRISTI
'205902,SAN PATRICIO,'205,N,N,GREGORY-PORTLAND ISD,NQ,R,'02,REGION 02: CORPUS CHRISTI
'205903,SAN PATRICIO,'205,N,N,INGLESIDE ISD,NQ,A,'02,REGION 02: CORPUS CHRISTI
'205904,SAN PATRICIO,'205,N,N,MATHIS ISD,NQ,A,'02,REGION 02: CORPUS CHRISTI
'205905,SAN PATRICIO,'205,N,N,ODEM-EDROY ISD,NQ,A,'02,REGION 02: CORPUS CHRISTI
'205906,SAN PATRICIO,'205,N,N,SINTON ISD,NQ,A,'02,REGION 02: CORPUS CHRISTI
'205907,SAN PATRICIO,'205,N,N,TAFT ISD,NQ,A,'02,REGION 02: CORPUS CHRISTI
'206901,SAN SABA,'206,N,N,SAN SABA ISD,NQ,A,'15,REGION 15: SAN ANGELO
'206902,SAN SABA,'206,N,N,RICHLAND SPRINGS ISD,NQ,R,'15,REGION 15: SAN ANGELO
'206903,SAN SABA,'206,N,N,CHEROKEE ISD,NQ,A,'15,REGION 15: SAN ANGELO
'207901,SCHLEICHER,'207,N,N,SCHLEICHER ISD,NQ,R,'15,REGION 15: SAN ANGELO
'208901,SCURRY,'208,N,N,HERMLEIGH ISD,NQ,R,'14,REGION 14: ABILENE
'208902,SCURRY,'208,N,N,SNYDER ISD,NQ,R,'14,REGION 14: ABILENE
'208903,SCURRY,'208,N,N,IRA ISD,NQ,E,'14,REGION 14: ABILENE
'209901,SHACKELFORD,'209,N,N,ALBANY ISD,NQ,R,'14,REGION 14: ABILENE
'209902,SHACKELFORD,'209,N,N,MORAN ISD,NQ,R,'14,REGION 14: ABILENE
'210901,SHELBY,'210,N,N,CENTER ISD,NQ,A,'07,REGION 07: KILGORE
'210902,SHELBY,'210,N,N,JOAQUIN ISD,NQ,A,'07,REGION 07: KILGORE
'210903,SHELBY,'210,N,N,SHELBYVILLE ISD,NQ,A,'07,REGION 07: KILGORE
'210904,SHELBY,'210,N,N,TENAHA ISD,NQ,A,'07,REGION 07: KILGORE
'210905,SHELBY,'210,N,N,TIMPSON ISD,NQ,A,'07,REGION 07: KILGORE
'210906,SHELBY,'210,N,N,EXCELSIOR ISD,NA,R,'07,REGION 07: KILGORE
'211901,SHERMAN,'211,N,N,TEXHOMA ISD,NQ,R,'16,REGION 16: AMARILLO
'211902,SHERMAN,'211,N,N,STRATFORD ISD,NQ,A,'16,REGION 16: AMARILLO
'212801,SMITH,'212,Y,N,ACADEMY OF SKILLS & KNOWLEDGE,CS,C,'07,REGION 07: KILGORE
'212901,SMITH,'212,N,N,ARP ISD,NA,A,'07,REGION 07: KILGORE
'212902,SMITH,'212,N,N,BULLARD ISD,NQ,A,'07,REGION 07: KILGORE
'212903,SMITH,'212,N,N,LINDALE ISD,NQ,R,'07,REGION 07: KILGORE
'212904,SMITH,'212,N,N,TROUP ISD,NQ,R,'07,REGION 07: KILGORE
'212905,SMITH,'212,N,N,TYLER ISD,NQ,A,'07,REGION 07: KILGORE
'212906,SMITH,'212,N,N,WHITEHOUSE ISD,NQ,R,'07,REGION 07: KILGORE
'212909,SMITH,'212,N,N,CHAPEL HILL ISD,NQ,A,'07,REGION 07: KILGORE
'212910,SMITH,'212,N,N,WINONA ISD,NQ,A,'07,REGION 07: KILGORE
'213901,SOMERVELL,'213,N,N,GLEN ROSE ISD,NQ,A,'11,REGION 11: FORT WORTH
'214901,STARR,'214,N,N,RIO GRANDE CITY ISD,NQ,A,'01,REGION 01: EDINBURG
'214902,STARR,'214,N,N,SAN ISIDRO ISD,NQ,E,'01,REGION 01: EDINBURG
'214903,STARR,'214,N,N,ROMA ISD,NQ,A,'01,REGION 01: EDINBURG
'215901,STEPHENS,'215,N,N,BRECKENRIDGE ISD,NQ,R,'14,REGION 14: ABILENE
'216901,STERLING,'216,N,N,STERLING CITY ISD,NQ,R,'15,REGION 15: SAN ANGELO
'217901,STONEWALL,'217,N,N,ASPERMONT ISD,NQ,R,'14,REGION 14: ABILENE
'218901,SUTTON,'218,N,N,SONORA ISD,NQ,A,'15,REGION 15: SAN ANGELO
'219901,SWISHER,'219,N,N,HAPPY ISD,NQ,R,'16,REGION 16: AMARILLO
'219903,SWISHER,'219,N,N,TULIA ISD,NQ,A,'16,REGION 16: AMARILLO
'219905,SWISHER,'219,N,N,KRESS ISD,NQ,A,'16,REGION 16: AMARILLO
'220801,TARRANT,'220,Y,N,TREETOPS SCHOOL INTERNATIONAL,CS,C,'11,REGION 11: FORT WORTH
'220901,TARRANT,'220,N,N,ARLINGTON ISD,NQ,A,'11,REGION 11: FORT WORTH
'220902,TARRANT,'220,N,N,BIRDVILLE ISD,NQ,R,'11,REGION 11: FORT WORTH
'220904,TARRANT,'220,N,N,EVERMAN ISD,NQ,R,'11,REGION 11: FORT WORTH
'220905,TARRANT,'220,N,P,FORT WORTH ISD,NQ,A,'11,REGION 11: FORT WORTH
'220906,TARRANT,'220,N,N,GRAPEVINE-COLLEYVILLE ISD,NQ,R,'11,REGION 11: FORT WORTH
'220907,TARRANT,'220,N,N,KELLER ISD,NQ,A,'11,REGION 11: FORT WORTH
'220908,TARRANT,'220,N,N,MANSFIELD ISD,NQ,R,'11,REGION 11: FORT WORTH
'220909,TARRANT,'220,N,N,MASONIC HOME ISD,NQ,A,'11,REGION 11: FORT WORTH
'220910,TARRANT,'220,N,N,LAKE WORTH ISD,NQ,A,'11,REGION 11: FORT WORTH
'220912,TARRANT,'220,N,N,CROWLEY ISD,NQ,R,'11,REGION 11: FORT WORTH
'220914,TARRANT,'220,N,N,KENNEDALE ISD,NQ,A,'11,REGION 11: FORT WORTH
'220915,TARRANT,'220,N,N,AZLE ISD,NQ,A,'11,REGION 11: FORT WORTH
'220916,TARRANT,'220,N,N,HURST-EULESS-BEDFORD ISD,NQ,A,'11,REGION 11: FORT WORTH
'220917,TARRANT,'220,N,N,CASTLEBERRY ISD,NQ,A,'11,REGION 11: FORT WORTH
'220918,TARRANT,'220,N,N,EAGLE MT-SAGINAW ISD,NQ,A,'11,REGION 11: FORT WORTH
'220919,TARRANT,'220,N,N,CARROLL ISD,AC,E,'11,REGION 11: FORT WORTH
'220920,TARRANT,'220,N,N,WHITE SETTLEMENT ISD,NQ,R,'11,REGION 11: FORT WORTH
'221901,TAYLOR,'221,N,N,ABILENE ISD,NQ,A,'14,REGION 14: ABILENE
'221904,TAYLOR,'221,N,N,MERKEL ISD,NQ,R,'14,REGION 14: ABILENE
'221905,TAYLOR,'221,N,N,TRENT ISD,AC,R,'14,REGION 14: ABILENE
'221911,TAYLOR,'221,N,N,JIM NED CONS ISD,NQ,R,'14,REGION 14: ABILENE
'221912,TAYLOR,'221,N,N,WYLIE ISD,NQ,E,'14,REGION 14: ABILENE
'222901,TERRELL,'222,N,N,TERRELL COUNTY ISD,NQ,E,'18,REGION 18: MIDLAND
'223901,TERRY,'223,N,N,BROWNFIELD ISD,NQ,A,'17,REGION 17: LUBBOCK
'223902,TERRY,'223,N,N,MEADOW ISD,NQ,A,'17,REGION 17: LUBBOCK
'223904,TERRY,'223,N,N,WELLMAN-UNION CONS ISD,NQ,A,'17,REGION 17: LUBBOCK
'224901,THROCKMORTON,'224,N,N,THROCKMORTON ISD,NQ,R,'09,REGION 09: WICHITA FALLS
'224902,THROCKMORTON,'224,N,N,WOODSON ISD,NQ,E,'09,REGION 09: WICHITA FALLS
'225902,TITUS,'225,N,N,MOUNT PLEASANT ISD,NQ,A,'08,REGION 08: MT PLEASANT
'225905,TITUS,'225,N,N,WINFIELD ISD,NA,R,'08,REGION 08: MT PLEASANT
'225906,TITUS,'225,N,N,CHAPEL HILL ISD,NQ,A,'08,REGION 08: MT PLEASANT
'225907,TITUS,'225,N,N,HARTS BLUFF ISD,NA,A,'08,REGION 08: MT PLEASANT
'226901,TOM GREEN,'226,N,N,CHRISTOVAL ISD,NQ,A,'15,REGION 15: SAN ANGELO
'226903,TOM GREEN,'226,N,N,SAN ANGELO ISD,NQ,A,'15,REGION 15: SAN ANGELO
'226905,TOM GREEN,'226,N,N,WATER VALLEY ISD,NQ,A,'15,REGION 15: SAN ANGELO
'226906,TOM GREEN,'226,N,N,WALL ISD,NQ,R,'15,REGION 15: SAN ANGELO
'226907,TOM GREEN,'226,N,N,GRAPE CREEK ISD,NA,A,'15,REGION 15: SAN ANGELO
'226908,TOM GREEN,'226,N,N,VERIBEST ISD,NA,R,'15,REGION 15: SAN ANGELO
'227801,TRAVIS,'227,Y,N,AMERICAN INSTITUTE FOR LEARNING,CS,C,'13,REGION 13: AUSTIN
'227802,TRAVIS,'227,Y,N,TEXAS ACADEMY OF EXCELLENCE,CS,C,'13,REGION 13: AUSTIN
'227803,TRAVIS,'227,Y,N,EDEN PARK ACADEMY,CS,C,'13,REGION 13: AUSTIN
'227804,TRAVIS,'227,Y,N,NYOS CHARTER SCHOOL,CS,C,'13,REGION 13: AUSTIN
'227805,TRAVIS,'227,Y,N,TEXAS EMPOWERMENT ACADEMY,CS,C,'13,REGION 13: AUSTIN
'227806,TRAVIS,'227,Y,N,UNIVERSITY CHARTER SCHOOL,CS,C,'13,REGION 13: AUSTIN
'227814,TRAVIS,'227,Y,N,STAR CHARTER SCHOOL,CS,C,'13,REGION 13: AUSTIN
'227901,TRAVIS,'227,N,P,AUSTIN ISD,NE,Q,'13,REGION 13: AUSTIN
'227904,TRAVIS,'227,N,N,PFLUGERVILLE ISD,NQ,A,'13,REGION 13: AUSTIN
'227907,TRAVIS,'227,N,N,MANOR ISD,NQ,A,'13,REGION 13: AUSTIN
'227909,TRAVIS,'227,N,N,EANES ISD,AC,E,'13,REGION 13: AUSTIN
'227910,TRAVIS,'227,N,N,DEL VALLE ISD,NQ,R,'13,REGION 13: AUSTIN
'227912,TRAVIS,'227,N,N,LAGO VISTA ISD,NQ,R,'13,REGION 13: AUSTIN
'227913,TRAVIS,'227,N,N,LAKE TRAVIS ISD,NQ,R,'13,REGION 13: AUSTIN
'228901,TRINITY,'228,N,N,GROVETON ISD,NQ,A,'06,REGION 06: HUNTSVILLE
'228903,TRINITY,'228,N,N,TRINITY ISD,NQ,A,'06,REGION 06: HUNTSVILLE
'228904,TRINITY,'228,N,N,CENTERVILLE ISD,NQ,E,'06,REGION 06: HUNTSVILLE
'228905,TRINITY,'228,N,N,APPLE SPRINGS ISD,NQ,R,'06,REGION 06: HUNTSVILLE
'229901,TYLER,'229,N,N,COLMESNEIL ISD,NQ,R,'05,REGION 05: BEAUMONT
'229903,TYLER,'229,N,N,WOODVILLE ISD,NQ,A,'05,REGION 05: BEAUMONT
'229904,TYLER,'229,N,N,WARREN ISD,NQ,A,'05,REGION 05: BEAUMONT
'229905,TYLER,'229,N,N,SPURGER ISD,NQ,A,'05,REGION 05: BEAUMONT
'229906,TYLER,'229,N,N,CHESTER ISD,NQ,A,'05,REGION 05: BEAUMONT
'230901,UPSHUR,'230,N,N,BIG SANDY ISD,NQ,R,'07,REGION 07: KILGORE
'230902,UPSHUR,'230,N,N,GILMER ISD,NQ,A,'07,REGION 07: KILGORE
'230903,UPSHUR,'230,N,N,ORE CITY ISD,NQ,R,'07,REGION 07: KILGORE
'230904,UPSHUR,'230,N,N,UNION HILL ISD,NQ,E,'07,REGION 07: KILGORE
'230905,UPSHUR,'230,N,N,HARMONY ISD,NQ,A,'07,REGION 07: KILGORE
'230906,UPSHUR,'230,N,N,NEW DIANA ISD,NQ,R,'07,REGION 07: KILGORE
'230908,UPSHUR,'230,N,N,UNION GROVE ISD,NQ,R,'07,REGION 07: KILGORE
'231901,UPTON,'231,N,N,MCCAMEY ISD,NQ,A,'18,REGION 18: MIDLAND
'231902,UPTON,'231,N,N,RANKIN ISD,NQ,A,'18,REGION 18: MIDLAND
'232801,UVALDE,'232,Y,N,GABRIEL TAFOLLA CHARTER SCHOOL,CS,C,'20,REGION 20: SAN ANTONIO
'232901,UVALDE,'232,N,N,KNIPPA ISD,NQ,R,'20,REGION 20: SAN ANTONIO
'232902,UVALDE,'232,N,N,SABINAL ISD,NQ,A,'20,REGION 20: SAN ANTONIO
'232903,UVALDE,'232,N,N,UVALDE CONS ISD,NQ,A,'20,REGION 20: SAN ANTONIO
'232904,UVALDE,'232,N,N,UTOPIA ISD,NA,R,'20,REGION 20: SAN ANTONIO
'233901,VAL VERDE,'233,N,N,SAN FELIPE-DEL RIO CONS ISD,NQ,R,'15,REGION 15: SAN ANGELO
'233903,VAL VERDE,'233,N,N,COMSTOCK ISD,NQ,A,'15,REGION 15: SAN ANGELO
'234902,VAN ZANDT,'234,N,N,CANTON ISD,NQ,R,'10,REGION 10: RICHARDSON
'234903,VAN ZANDT,'234,N,N,EDGEWOOD ISD,NQ,E,'07,REGION 07: KILGORE
'234904,VAN ZANDT,'234,N,N,GRAND SALINE ISD,NQ,R,'07,REGION 07: KILGORE
'234905,VAN ZANDT,'234,N,N,MARTINS MILL ISD,NQ,E,'07,REGION 07: KILGORE
'234906,VAN ZANDT,'234,N,N,VAN ISD,NQ,R,'07,REGION 07: KILGORE
'234907,VAN ZANDT,'234,N,N,WILLS POINT ISD,NQ,A,'10,REGION 10: RICHARDSON
'234909,VAN ZANDT,'234,N,N,FRUITVALE ISD,NQ,A,'07,REGION 07: KILGORE
'235901,VICTORIA,'235,N,N,BLOOMINGTON ISD,NQ,A,'03,REGION 03: VICTORIA
'235902,VICTORIA,'235,N,N,VICTORIA ISD,NQ,A,'03,REGION 03: VICTORIA
'235904,VICTORIA,'235,N,N,NURSERY ISD,NA,E,'03,REGION 03: VICTORIA
'236801,WALKER,'236,Y,N,GULF COAST TRADES CENTER,CS,C,'06,REGION 06: HUNTSVILLE
'236901,WALKER,'236,N,N,NEW WAVERLY ISD,NQ,R,'06,REGION 06: HUNTSVILLE
'236902,WALKER,'236,N,P,HUNTSVILLE ISD,NQ,A,'06,REGION 06: HUNTSVILLE
'237902,WALLER,'237,N,N,HEMPSTEAD ISD,NQ,A,'04,REGION 04: HOUSTON
'237904,WALLER,'237,N,N,WALLER ISD,NQ,A,'04,REGION 04: HOUSTON
'237905,WALLER,'237,N,N,ROYAL ISD,NQ,A,'04,REGION 04: HOUSTON
'238902,WARD,'238,N,N,MONAHANS-WICKETT-PYOTE ISD,NQ,R,'18,REGION 18: MIDLAND
'238904,WARD,'238,N,N,GRANDFALLS-ROYALTY ISD,NQ,A,'18,REGION 18: MIDLAND
'239901,WASHINGTON,'239,N,N,BRENHAM ISD,NQ,A,'06,REGION 06: HUNTSVILLE
'239903,WASHINGTON,'239,N,N,BURTON ISD,NQ,A,'06,REGION 06: HUNTSVILLE
'240901,WEBB,'240,N,N,LAREDO ISD,NQ,A,'01,REGION 01: EDINBURG
'240902,WEBB,'240,N,N,MIRANDO CITY ISD,NA,R,'01,REGION 01: EDINBURG
'240903,WEBB,'240,N,N,UNITED ISD,NQ,A,'01,REGION 01: EDINBURG
'240904,WEBB,'240,N,N,WEBB CONS ISD,NQ,R,'01,REGION 01: EDINBURG
'241901,WHARTON,'241,N,N,BOLING ISD,NQ,R,'03,REGION 03: VICTORIA
'241902,WHARTON,'241,N,N,EAST BERNARD ISD,NQ,R,'03,REGION 03: VICTORIA
'241903,WHARTON,'241,N,N,EL CAMPO ISD,NQ,R,'03,REGION 03: VICTORIA
'241904,WHARTON,'241,N,N,WHARTON ISD,NQ,A,'03,REGION 03: VICTORIA
'241906,WHARTON,'241,N,N,LOUISE ISD,NQ,A,'03,REGION 03: VICTORIA
'242902,WHEELER,'242,N,N,SHAMROCK ISD,NQ,R,'16,REGION 16: AMARILLO
'242903,WHEELER,'242,N,N,WHEELER ISD,NQ,R,'16,REGION 16: AMARILLO
'242904,WHEELER,'242,N,N,ALLISON ISD,NQ,E,'16,REGION 16: AMARILLO
'242905,WHEELER,'242,N,N,KELTON ISD,NA,A,'16,REGION 16: AMARILLO
'242906,WHEELER,'242,N,N,FORT ELLIOTT CONS ISD,AT,E,'16,REGION 16: AMARILLO
'243801,WICHITA,'243,Y,N,BRIGHT IDEAS CHARTER,CS,C,'09,REGION 09: WICHITA FALLS
'243901,WICHITA,'243,N,N,BURKBURNETT ISD,NQ,A,'09,REGION 09: WICHITA FALLS
'243902,WICHITA,'243,N,N,ELECTRA ISD,NQ,A,'09,REGION 09: WICHITA FALLS
'243903,WICHITA,'243,N,N,IOWA PARK CONS ISD,NQ,R,'09,REGION 09: WICHITA FALLS
'243905,WICHITA,'243,N,P,WICHITA FALLS ISD,NQ,A,'09,REGION 09: WICHITA FALLS
'243906,WICHITA,'243,N,N,CITY VIEW ISD,NA,A,'09,REGION 09: WICHITA FALLS
'244901,WILBARGER,'244,N,N,HARROLD ISD,NQ,A,'09,REGION 09: WICHITA FALLS
'244903,WILBARGER,'244,N,N,VERNON ISD,NQ,R,'09,REGION 09: WICHITA FALLS
'244905,WILBARGER,'244,N,N,NORTHSIDE ISD,NQ,A,'09,REGION 09: WICHITA FALLS
'245901,WILLACY,'245,N,N,LASARA ISD,NA,R,'01,REGION 01: EDINBURG
'245902,WILLACY,'245,N,N,LYFORD CISD,NQ,A,'01,REGION 01: EDINBURG
'245903,WILLACY,'245,N,N,RAYMONDVILLE ISD,NQ,A,'01,REGION 01: EDINBURG
'245904,WILLACY,'245,N,N,SAN PERLITA ISD,NQ,R,'01,REGION 01: EDINBURG
'246902,WILLIAMSON,'246,N,N,FLORENCE ISD,NQ,A,'13,REGION 13: AUSTIN
'246904,WILLIAMSON,'246,N,N,GEORGETOWN ISD,NQ,A,'13,REGION 13: AUSTIN
'246905,WILLIAMSON,'246,N,N,GRANGER ISD,NQ,R,'13,REGION 13: AUSTIN
'246906,WILLIAMSON,'246,N,N,HUTTO ISD,AT,R,'13,REGION 13: AUSTIN
'246907,WILLIAMSON,'246,N,N,JARRELL ISD,NQ,A,'13,REGION 13: AUSTIN
'246908,WILLIAMSON,'246,N,N,LIBERTY HILL ISD,NQ,R,'13,REGION 13: AUSTIN
'246909,WILLIAMSON,'246,N,N,ROUND ROCK ISD,NQ,A,'13,REGION 13: AUSTIN
'246911,WILLIAMSON,'246,N,N,TAYLOR ISD,NQ,R,'13,REGION 13: AUSTIN
'246912,WILLIAMSON,'246,N,N,THRALL ISD,NQ,R,'13,REGION 13: AUSTIN
'246913,WILLIAMSON,'246,N,N,LEANDER ISD,NQ,A,'13,REGION 13: AUSTIN
'246914,WILLIAMSON,'246,N,N,COUPLAND ISD,NA,E,'13,REGION 13: AUSTIN
'247901,WILSON,'247,N,N,FLORESVILLE ISD,NQ,R,'20,REGION 20: SAN ANTONIO
'247903,WILSON,'247,N,N,LA VERNIA ISD,NQ,A,'20,REGION 20: SAN ANTONIO
'247904,WILSON,'247,N,N,POTH ISD,NQ,R,'20,REGION 20: SAN ANTONIO
'247906,WILSON,'247,N,N,STOCKDALE ISD,NQ,R,'20,REGION 20: SAN ANTONIO
'248901,WINKLER,'248,N,N,KERMIT ISD,NQ,A,'18,REGION 18: MIDLAND
'248902,WINKLER,'248,N,N,WINK-LOVING ISD,NQ,R,'18,REGION 18: MIDLAND
'249901,WISE,'249,N,N,ALVORD ISD,NQ,R,'11,REGION 11: FORT WORTH
'249902,WISE,'249,N,N,BOYD ISD,NQ,A,'11,REGION 11: FORT WORTH
'249903,WISE,'249,N,N,BRIDGEPORT ISD,NQ,A,'11,REGION 11: FORT WORTH
'249904,WISE,'249,N,N,CHICO ISD,NQ,A,'11,REGION 11: FORT WORTH
'249905,WISE,'249,N,N,DECATUR ISD,NQ,R,'11,REGION 11: FORT WORTH
'249906,WISE,'249,N,N,PARADISE ISD,NQ,R,'11,REGION 11: FORT WORTH
'249908,WISE,'249,N,N,SLIDELL ISD,NQ,A,'11,REGION 11: FORT WORTH
'250902,WOOD,'250,N,N,HAWKINS ISD,NQ,A,'07,REGION 07: KILGORE
'250903,WOOD,'250,N,N,MINEOLA ISD,NQ,A,'07,REGION 07: KILGORE
'250904,WOOD,'250,N,N,QUITMAN ISD,NE,Q,'07,REGION 07: KILGORE
'250905,WOOD,'250,N,N,YANTIS ISD,NQ,A,'07,REGION 07: KILGORE
'250906,WOOD,'250,N,N,ALBA-GOLDEN ISD,NQ,A,'07,REGION 07: KILGORE
'250907,WOOD,'250,N,N,WINNSBORO ISD,NQ,A,'07,REGION 07: KILGORE
'251901,YOAKUM,'251,N,N,DENVER CITY ISD,NQ,A,'17,REGION 17: LUBBOCK
'251902,YOAKUM,'251,N,N,PLAINS ISD,NQ,E,'17,REGION 17: LUBBOCK
'252901,YOUNG,'252,N,N,GRAHAM ISD,NE,A,'09,REGION 09: WICHITA FALLS
'252902,YOUNG,'252,N,N,NEWCASTLE ISD,NQ,A,'09,REGION 09: WICHITA FALLS
'252903,YOUNG,'252,N,N,OLNEY ISD,NQ,R,'09,REGION 09: WICHITA FALLS
'253901,ZAPATA,'253,N,N,ZAPATA COUNTY ISD,NQ,A,'01,REGION 01: EDINBURG
'254901,ZAVALA,'254,N,N,CRYSTAL CITY ISD,NQ,A,'20,REGION 20: SAN ANTONIO
'254902,ZAVALA,'254,N,N,LA PRYOR ISD,NQ,A,'20,REGION 20: SAN ANTONIO
