DISTRICT,DISTNAME,REGION,DFLCHART,D_RATING,DSUPRATE,DFLYRE,COUNTY,CNTYNAME
'031901,BROWNSVILLE ISD,'01,N,A,NQ,P,'031,CAMERON
'108902,DONNA ISD,'01,N,A,NQ,N,'108,HIDALGO
'108903,EDCOUCH-ELSA ISD,'01,N,R,NQ,N,'108,HIDALGO
'108904,EDINBURG CISD,'01,N,A,NQ,N,'108,HIDALGO
'031903,HARLINGEN CONS ISD,'01,N,R,NQ,N,'031,CAMERON
'108905,HIDALGO ISD,'01,N,R,NQ,N,'108,HIDALGO
'108801,INFORMATION REFERRAL RESOURCE ASST,'01,Y,C,CS,N,'108,HIDALGO
'124901,JIM HOGG COUNTY ISD,'01,N,R,NQ,N,'124,JIM HOGG
'031905,LA FERIA ISD,'01,N,R,NQ,N,'031,CAMERON
'108912,LA JOYA ISD,'01,N,A,NQ,N,'108,HIDALGO
'108914,LA VILLA ISD,'01,N,A,NQ,N,'108,HIDALGO
'240901,LAREDO ISD,'01,N,A,NQ,N,'240,WEBB
'245901,LASARA ISD,'01,N,R,NA,N,'245,WILLACY
'031906,LOS FRESNOS CONS ISD,'01,N,E,NQ,N,'031,CAMERON
'245902,LYFORD CISD,'01,N,A,NQ,N,'245,WILLACY
'108906,MCALLEN ISD,'01,N,R,NQ,P,'108,HIDALGO
'108907,MERCEDES ISD,'01,N,A,NQ,N,'108,HIDALGO
'240902,MIRANDO CITY ISD,'01,N,A,NA,N,'240,WEBB
'108908,MISSION CONS ISD,'01,N,R,NQ,N,'108,HIDALGO
'108915,MONTE ALTO ISD,'01,N,R,NA,N,'108,HIDALGO
'108909,PHARR-SAN JUAN-ALAMO ISD,'01,N,A,NQ,N,'108,HIDALGO
'031909,POINT ISABEL ISD,'01,N,R,NQ,N,'031,CAMERON
'108910,PROGRESO ISD,'01,N,A,NQ,N,'108,HIDALGO
'245903,RAYMONDVILLE ISD,'01,N,A,NQ,N,'245,WILLACY
'214901,RIO GRANDE CITY ISD,'01,N,A,NQ,N,'214,STARR
'031911,RIO HONDO ISD,'01,N,A,NQ,N,'031,CAMERON
'214903,ROMA ISD,'01,N,A,NQ,N,'214,STARR
'031912,SAN BENITO CONS ISD,'01,N,R,NQ,N,'031,CAMERON
'214902,SAN ISIDRO ISD,'01,N,R,NQ,N,'214,STARR
'245904,SAN PERLITA ISD,'01,N,R,NQ,N,'245,WILLACY
'031913,SANTA MARIA ISD,'01,N,A,NQ,N,'031,CAMERON
'031914,SANTA ROSA ISD,'01,N,A,NQ,N,'031,CAMERON
'108911,SHARYLAND ISD,'01,N,R,NQ,N,'108,HIDALGO
'031916,SOUTH TEXAS ISD,'01,N,E,NQ,N,'031,CAMERON
'240903,UNITED ISD,'01,N,A,NQ,N,'240,WEBB
'108916,VALLEY VIEW ISD,'01,N,R,NQ,N,'108,HIDALGO
'240904,WEBB CONS ISD,'01,N,R,NQ,N,'240,WEBB
'108913,WESLACO ISD,'01,N,R,NQ,N,'108,HIDALGO
'253901,ZAPATA COUNTY ISD,'01,N,A,NQ,N,'253,ZAPATA
'178801,ACADEMY OF TRANSITIONAL STUDIES,'02,Y,C,CS,N,'178,NUECES
'178901,AGUA DULCE ISD,'02,N,A,NQ,N,'178,NUECES
'125901,ALICE ISD,'02,N,A,NQ,N,'125,JIM WELLS
'004901,ARANSAS COUNTY ISD,'02,N,R,NQ,N,'004,ARANSAS
'205901,ARANSAS PASS ISD,'02,N,A,NQ,N,'205,SAN PATRICIO
'178913,BANQUETE ISD,'02,N,A,NQ,N,'178,NUECES
'013901,BEEVILLE ISD,'02,N,A,NQ,N,'013,BEE
'125902,BEN BOLT-PALITO BLANCO ISD,'02,N,A,NQ,N,'125,JIM WELLS
'066901,BENAVIDES ISD,'02,N,A,NQ,N,'066,DUVAL
'178902,BISHOP CONS ISD,'02,N,A,NQ,N,'178,NUECES
'024901,BROOKS ISD,'02,N,A,NQ,N,'024,BROOKS
'178903,CALALLEN ISD,'02,N,R,NQ,N,'178,NUECES
'178904,CORPUS CHRISTI ISD,'02,N,A,NQ,N,'178,NUECES
'178905,DRISCOLL ISD,'02,N,A,NA,C,'178,NUECES
'178914,FLOUR BLUFF ISD,'02,N,R,NQ,N,'178,NUECES
'066903,FREER ISD,'02,N,R,NQ,N,'066,DUVAL
'149901,GEORGE WEST ISD,'02,N,A,NQ,N,'149,LIVE OAK
'205902,GREGORY-PORTLAND ISD,'02,N,R,NQ,N,'205,SAN PATRICIO
'205903,INGLESIDE ISD,'02,N,A,NQ,N,'205,SAN PATRICIO
'131001,KENEDY COUNTY WIDE CSD,'02,N,E,NA,N,'131,KENEDY
'137901,KINGSVILLE ISD,'02,N,A,NQ,N,'137,KLEBERG
'125906,LA GLORIA ISD,'02,N,A,NA,N,'125,JIM WELLS
'178906,LONDON ISD,'02,N,E,NA,N,'178,NUECES
'205904,MATHIS ISD,'02,N,A,NQ,N,'205,SAN PATRICIO
'162904,MCMULLEN COUNTY ISD,'02,N,E,NQ,N,'162,MCMULLEN
'205905,ODEM-EDROY ISD,'02,N,A,NQ,N,'205,SAN PATRICIO
'125903,ORANGE GROVE ISD,'02,N,A,NQ,N,'125,JIM WELLS
'013902,PAWNEE ISD,'02,N,A,NA,N,'013,BEE
'013903,PETTUS ISD,'02,N,A,NQ,N,'013,BEE
'178908,PORT ARANSAS ISD,'02,N,E,NQ,N,'178,NUECES
'125905,PREMONT ISD,'02,N,A,NQ,N,'125,JIM WELLS
'066005,RAMIREZ CSD,'02,N,E,NA,N,'066,DUVAL
'137902,RICARDO ISD,'02,N,A,NA,N,'137,KLEBERG
'137903,RIVIERA ISD,'02,N,A,NQ,N,'137,KLEBERG
'178909,ROBSTOWN ISD,'02,N,A,NQ,C,'178,NUECES
'066902,SAN DIEGO ISD,'02,N,A,NQ,N,'066,DUVAL
'137904,SANTA GERTRUDIS ISD,'02,N,A,NA,C,'137,KLEBERG
'178802,SEASHORE LEARNING CENTER CHARTER,'02,Y,C,CS,N,'178,NUECES
'205906,SINTON ISD,'02,N,A,NQ,N,'205,SAN PATRICIO
'013905,SKIDMORE-TYNAN ISD,'02,N,A,NQ,N,'013,BEE
'205907,TAFT ISD,'02,N,A,NQ,N,'205,SAN PATRICIO
'149902,THREE RIVERS ISD,'02,N,A,NQ,N,'149,LIVE OAK
'178912,TULOSO-MIDWAY ISD,'02,N,R,NQ,C,'178,NUECES
'178915,WEST OSO ISD,'02,N,A,NQ,N,'178,NUECES
'196901,AUSTWELL-TIVOLI ISD,'03,N,R,AC,N,'196,REFUGIO
'158901,BAY CITY ISD,'03,N,A,NQ,N,'158,MATAGORDA
'235901,BLOOMINGTON ISD,'03,N,A,NQ,N,'235,VICTORIA
'241901,BOLING ISD,'03,N,R,NQ,N,'241,WHARTON
'029901,CALHOUN CO ISD,'03,N,A,NQ,N,'029,CALHOUN
'045902,COLUMBUS ISD,'03,N,A,NQ,N,'045,COLORADO
'062901,CUERO ISD,'03,N,A,NQ,N,'062,DEWITT
'241902,EAST BERNARD ISD,'03,N,R,NQ,N,'241,WHARTON
'120901,EDNA ISD,'03,N,A,NQ,N,'120,JACKSON
'241903,EL CAMPO ISD,'03,N,A,NQ,N,'241,WHARTON
'143906,EZZELL ISD,'03,N,E,NA,N,'143,LAVACA
'128904,FALLS CITY ISD,'03,N,R,NQ,N,'128,KARNES
'120902,GANADO ISD,'03,N,R,NQ,N,'120,JACKSON
'088902,GOLIAD ISD,'03,N,R,NQ,N,'088,GOLIAD
'143901,HALLETTSVILLE ISD,'03,N,A,NQ,N,'143,LAVACA
'120905,INDUSTRIAL ISD,'03,N,R,NQ,N,'120,JACKSON
'128901,KARNES CITY ISD,'03,N,A,NQ,N,'128,KARNES
'128902,KENEDY ISD,'03,N,L,NE,N,'128,KARNES
'241906,LOUISE ISD,'03,N,A,NQ,N,'241,WHARTON
'158904,MATAGORDA ISD,'03,N,A,NA,N,'158,MATAGORDA
'062906,MEYERSVILLE ISD,'03,N,E,NA,N,'062,DEWITT
'143902,MOULTON ISD,'03,N,R,AT,N,'143,LAVACA
'062902,NORDHEIM ISD,'03,N,A,NQ,N,'062,DEWITT
'235904,NURSERY ISD,'03,N,R,NA,N,'235,VICTORIA
'158905,PALACIOS ISD,'03,N,R,NQ,N,'158,MATAGORDA
'196903,REFUGIO ISD,'03,N,A,NQ,N,'196,REFUGIO
'045903,RICE CONS ISD,'03,N,A,NQ,N,'045,COLORADO
'128903,RUNGE ISD,'03,N,A,NQ,N,'128,KARNES
'143903,SHINER ISD,'03,N,A,NQ,N,'143,LAVACA
'143905,SWEET HOME ISD,'03,N,A,NA,N,'143,LAVACA
'158902,TIDEHAVEN ISD,'03,N,R,NQ,N,'158,MATAGORDA
'158906,VAN VLECK ISD,'03,N,A,NQ,N,'158,MATAGORDA
'235902,VICTORIA ISD,'03,N,A,NQ,N,'235,VICTORIA
'143904,VYSEHRAD ISD,'03,N,E,NA,N,'143,LAVACA
'045905,WEIMAR ISD,'03,N,A,NQ,N,'045,COLORADO
'062905,WESTHOFF ISD,'03,N,E,NA,N,'062,DEWITT
'241904,WHARTON ISD,'03,N,A,NQ,N,'241,WHARTON
'196902,WOODSBORO ISD,'03,N,A,NQ,N,'196,REFUGIO
'062903,YOAKUM ISD,'03,N,A,NQ,N,'062,DEWITT
'062904,YORKTOWN ISD,'03,N,A,NQ,N,'062,DEWITT
'101902,ALDINE ISD,'04,N,R,NQ,P,'101,HARRIS
'101903,ALIEF ISD,'04,N,A,NQ,N,'101,HARRIS
'020901,ALVIN ISD,'04,N,R,NQ,N,'020,BRAZORIA
'036901,ANAHUAC ISD,'04,N,L,NE,N,'036,CHAMBERS
'020902,ANGLETON ISD,'04,N,R,NQ,N,'020,BRAZORIA
'036902,BARBERS HILL ISD,'04,N,R,NQ,N,'036,CHAMBERS
'020905,BRAZOSPORT ISD,'04,N,E,NQ,P,'020,BRAZORIA
'101905,CHANNELVIEW ISD,'04,N,A,NQ,N,'101,HARRIS
'084910,CLEAR CREEK ISD,'04,N,R,NQ,P,'084,GALVESTON
'146901,CLEVELAND ISD,'04,N,A,NQ,N,'146,LIBERTY
'020907,COLUMBIA-BRAZORIA ISD,'04,N,A,NQ,N,'020,BRAZORIA
'101906,CROSBY ISD,'04,N,A,NQ,N,'101,HARRIS
'101907,CYPRESS-FAIRBANKS ISD,'04,N,A,NQ,N,'101,HARRIS
'020910,DAMON ISD,'04,N,R,NA,N,'020,BRAZORIA
'020904,DANBURY ISD,'04,N,R,NQ,N,'020,BRAZORIA
'146902,DAYTON ISD,'04,N,A,NQ,N,'146,LIBERTY
'101908,DEER PARK ISD,'04,N,A,NQ,N,'101,HARRIS
'146903,DEVERS ISD,'04,N,E,NA,N,'146,LIBERTY
'084901,DICKINSON ISD,'04,N,A,NQ,N,'084,GALVESTON
'036903,EAST CHAMBERS ISD,'04,N,A,NQ,N,'036,CHAMBERS
'079907,FORT BEND ISD,'04,N,A,NQ,N,'079,FORT BEND
'084911,FRIENDSWOOD ISD,'04,N,E,NQ,N,'084,GALVESTON
'101910,GALENA PARK ISD,'04,N,A,NQ,N,'101,HARRIS
'084902,GALVESTON ISD,'04,N,A,NQ,N,'084,GALVESTON
'101804,GEORGE I. SANCHEZ CHARTER,'04,Y,C,CS,N,'101,HARRIS
'101805,GIRLS & BOYS PREP ACADEMY,'04,Y,C,CS,N,'101,HARRIS
'101911,GOOSE CREEK ISD,'04,N,A,NQ,N,'101,HARRIS
'146904,HARDIN ISD,'04,N,A,NQ,N,'146,LIBERTY
'237902,HEMPSTEAD ISD,'04,N,A,NQ,N,'237,WALLER
'084903,HIGH ISLAND ISD,'04,N,A,NQ,N,'084,GALVESTON
'084908,HITCHCOCK ISD,'04,N,A,NQ,C,'084,GALVESTON
'101912,HOUSTON ISD,'04,N,A,NQ,P,'101,HARRIS
'101925,HUFFMAN ISD,'04,N,A,NQ,N,'101,HARRIS
'146905,HULL-DAISETTA ISD,'04,N,A,NQ,N,'146,LIBERTY
'101913,HUMBLE ISD,'04,N,A,NQ,N,'101,HARRIS
'101914,KATY ISD,'04,N,R,NQ,N,'101,HARRIS
'079908,KENDLETON ISD,'04,N,S,NE,N,'079,FORT BEND
'101915,KLEIN ISD,'04,N,A,NQ,N,'101,HARRIS
'084904,LA MARQUE ISD,'04,N,A,NQ,N,'084,GALVESTON
'101916,LA PORTE ISD,'04,N,A,NQ,N,'101,HARRIS
'079901,LAMAR CONSOLIDATED ISD,'04,N,A,NQ,N,'079,FORT BEND
'146906,LIBERTY ISD,'04,N,A,NQ,N,'146,LIBERTY
'101801,MEDICAL CENTER CHARTER SCHOOL,'04,Y,C,CS,N,'101,HARRIS
'079906,NEEDVILLE ISD,'04,N,R,NQ,N,'079,FORT BEND
'101909,NORTH FOREST ISD,'04,N,A,NQ,P,'101,HARRIS
'101917,PASADENA ISD,'04,N,R,NQ,N,'101,HARRIS
'020908,PEARLAND ISD,'04,N,R,NQ,N,'020,BRAZORIA
'101806,RAUL YZAGUIRRE SCHOOL FOR SUCCESS,'04,Y,C,CS,N,'101,HARRIS
'237905,ROYAL ISD,'04,N,A,NQ,N,'237,WALLER
'084909,SANTA FE ISD,'04,N,A,NQ,N,'084,GALVESTON
'101802,SER-NINOS CHARTER SCHOOL,'04,Y,C,CS,N,'101,HARRIS
'101924,SHELDON ISD,'04,N,A,NQ,N,'101,HARRIS
'101920,SPRING BRANCH ISD,'04,N,A,NQ,N,'101,HARRIS
'101919,SPRING ISD,'04,N,A,NQ,N,'101,HARRIS
'079910,STAFFORD MSD,'04,N,A,NQ,N,'079,FORT BEND
'020906,SWEENY ISD,'04,N,R,NQ,N,'020,BRAZORIA
'146907,TARKINGTON ISD,'04,N,A,NQ,N,'146,LIBERTY
'084906,TEXAS CITY ISD,'04,N,A,NQ,N,'084,GALVESTON
'101921,TOMBALL ISD,'04,N,A,NQ,N,'101,HARRIS
'101807,UNIV OF HOUSTON CHARTER SCH-TECH,'04,Y,C,CS,N,'101,HARRIS
'237904,WALLER ISD,'04,N,A,NQ,N,'237,WALLER
'101803,WEST HOUSTON CHARTER SCHOOL,'04,Y,C,CS,N,'101,HARRIS
'123910,BEAUMONT ISD,'05,N,A,NQ,N,'123,JEFFERSON
'181901,BRIDGE CITY ISD,'05,N,R,NQ,N,'181,ORANGE
'121902,BROOKELAND ISD,'05,N,A,NQ,N,'121,JASPER
'121903,BUNA ISD,'05,N,E,NQ,N,'121,JASPER
'176901,BURKEVILLE ISD,'05,N,A,NQ,N,'176,NEWTON
'229906,CHESTER ISD,'05,N,A,NQ,N,'229,TYLER
'229901,COLMESNEIL ISD,'05,N,A,NQ,N,'229,TYLER
'176903,DEWEYVILLE ISD,'05,N,R,NQ,N,'176,NEWTON
'121906,EVADALE ISD,'05,N,R,NQ,N,'121,JASPER
'123914,HAMSHIRE-FANNETT ISD,'05,N,R,NQ,N,'123,JEFFERSON
'100905,HARDIN-JEFFERSON ISD,'05,N,A,NQ,N,'100,HARDIN
'121904,JASPER ISD,'05,N,A,NQ,N,'121,JASPER
'121905,KIRBYVILLE ISD,'05,N,A,NQ,N,'121,JASPER
'100903,KOUNTZE ISD,'05,N,R,NQ,N,'100,HARDIN
'181908,LIT CYPRESS-MRCEVILLE ISD,'05,N,R,NQ,N,'181,ORANGE
'100907,LUMBERTON ISD,'05,N,R,NQ,N,'100,HARDIN
'123905,NEDERLAND ISD,'05,N,R,NQ,N,'123,JEFFERSON
'176902,NEWTON ISD,'05,N,A,NQ,N,'176,NEWTON
'181905,ORANGEFIELD ISD,'05,N,R,NQ,N,'181,ORANGE
'123907,PORT ARTHUR ISD,'05,N,A,NQ,N,'123,JEFFERSON
'123908,PORT NECHES-GROVES ISD,'05,N,R,NQ,N,'123,JEFFERSON
'123913,SABINE PASS ISD,'05,N,R,NQ,N,'123,JEFFERSON
'100904,SILSBEE ISD,'05,N,A,NQ,N,'100,HARDIN
'229905,SPURGER ISD,'05,N,A,NQ,N,'229,TYLER
'181907,VIDOR ISD,'05,N,R,NQ,N,'181,ORANGE
'229904,WARREN ISD,'05,N,A,NQ,N,'229,TYLER
'100908,WEST HARDIN COUNTY CONS ISD,'05,N,A,NQ,N,'100,HARDIN
'181906,WEST ORANGE-COVE CONS ISD,'05,N,A,NQ,N,'181,ORANGE
'229903,WOODVILLE ISD,'05,N,R,NQ,N,'229,TYLER
'093901,ANDERSON-SHIRO CONS ISD,'06,N,A,NQ,N,'093,GRIMES
'228905,APPLE SPRINGS ISD,'06,N,R,NQ,N,'228,TRINITY
'008901,BELLVILLE ISD,'06,N,A,NQ,N,'008,AUSTIN
'187901,BIG SANDY ISD,'06,N,A,NQ,N,'187,POLK
'008903,BRAZOS ISD,'06,N,A,NQ,N,'008,AUSTIN
'198901,BREMOND ISD,'06,N,R,NQ,N,'198,ROBERTSON
'239901,BRENHAM ISD,'06,N,A,NQ,N,'239,WASHINGTON
'021902,BRYAN ISD,'06,N,A,NQ,N,'021,BRAZOS
'166907,BUCKHOLTS ISD,'06,N,A,NQ,N,'166,MILAM
'145901,BUFFALO ISD,'06,N,A,NQ,N,'145,LEON
'239903,BURTON ISD,'06,N,A,NQ,N,'239,WASHINGTON
'026901,CALDWELL ISD,'06,N,A,NQ,N,'026,BURLESON
'198902,CALVERT ISD,'06,N,A,NQ,N,'198,ROBERTSON
'166901,CAMERON ISD,'06,N,A,NQ,N,'166,MILAM
'145902,CENTERVILLE ISD,'06,N,R,NQ,N,'145,LEON
'228904,CENTERVILLE ISD,'06,N,A,NQ,N,'228,TRINITY
'204901,COLDSPRING-OAKHURST CONS ISD,'06,N,A,NQ,N,'204,SAN JACINTO
'021901,COLLEGE STATION ISD,'06,N,A,NQ,N,'021,BRAZOS
'170902,CONROE ISD,'06,N,A,NQ,N,'170,MONTGOMERY
'187904,CORRIGAN-CAMDEN ISD,'06,N,A,NQ,N,'187,POLK
'113901,CROCKETT ISD,'06,N,A,NQ,N,'113,HOUSTON
'198903,FRANKLIN ISD,'06,N,A,NQ,N,'198,ROBERTSON
'166902,GAUSE ISD,'06,N,E,NA,N,'166,MILAM
'187903,GOODRICH ISD,'06,N,A,NQ,N,'187,POLK
'113902,GRAPELAND ISD,'06,N,A,NQ,N,'113,HOUSTON
'228901,GROVETON ISD,'06,N,R,NQ,N,'228,TRINITY
'198905,HEARNE ISD,'06,N,A,NQ,N,'198,ROBERTSON
'236902,HUNTSVILLE ISD,'06,N,A,NQ,P,'236,WALKER
'093903,IOLA ISD,'06,N,A,NQ,N,'093,GRIMES
'113906,KENNARD ISD,'06,N,A,NQ,N,'113,HOUSTON
'113905,LATEXO ISD,'06,N,R,NQ,N,'113,HOUSTON
'187906,LEGGETT ISD,'06,N,A,NQ,N,'187,POLK
'145911,LEON ISD,'06,N,A,NQ,N,'145,LEON
'187907,LIVINGSTON ISD,'06,N,A,NQ,N,'187,POLK
'113903,LOVELADY ISD,'06,N,A,NQ,N,'113,HOUSTON
'154901,MADISONVILLE CONS ISD,'06,N,A,NQ,N,'154,MADISON
'170906,MAGNOLIA ISD,'06,N,A,NQ,N,'170,MONTGOMERY
'166903,MILANO ISD,'06,N,R,NQ,N,'166,MILAM
'170903,MONTGOMERY ISD,'06,N,R,NQ,N,'170,MONTGOMERY
'198906,MUMFORD ISD,'06,N,R,NA,N,'198,ROBERTSON
'093904,NAVASOTA ISD,'06,N,A,NQ,N,'093,GRIMES
'170908,NEW CANEY ISD,'06,N,A,NQ,N,'170,MONTGOMERY
'236901,NEW WAVERLY ISD,'06,N,A,NQ,N,'236,WALKER
'145906,NORMANGEE ISD,'06,N,A,NQ,N,'145,LEON
'154903,NORTH ZULCH ISD,'06,N,A,NQ,N,'154,MADISON
'145907,OAKWOOD ISD,'06,N,A,NQ,N,'145,LEON
'187910,ONALASKA ISD,'06,N,R,NA,N,'187,POLK
'093905,RICHARDS ISD,'06,N,A,NQ,N,'093,GRIMES
'166904,ROCKDALE ISD,'06,N,A,NQ,N,'166,MILAM
'008902,SEALY ISD,'06,N,A,NQ,N,'008,AUSTIN
'204904,SHEPHERD ISD,'06,N,A,NQ,N,'204,SAN JACINTO
'026903,SNOOK ISD,'06,N,A,NQ,N,'026,BURLESON
'026902,SOMERVILLE ISD,'06,N,A,NQ,N,'026,BURLESON
'170907,SPLENDORA ISD,'06,N,A,NQ,N,'170,MONTGOMERY
'228903,TRINITY ISD,'06,N,A,NQ,N,'228,TRINITY
'170904,WILLIS ISD,'06,N,A,NQ,N,'170,MONTGOMERY
'250906,ALBA-GOLDEN ISD,'07,N,A,NQ,N,'250,WOOD
'037901,ALTO ISD,'07,N,A,NQ,N,'037,CHEROKEE
'212901,ARP ISD,'07,N,A,NQ,N,'212,SMITH
'107901,ATHENS ISD,'07,N,A,NQ,N,'107,HENDERSON
'183901,BECKVILLE ISD,'07,N,A,NQ,N,'183,PANOLA
'230901,BIG SANDY ISD,'07,N,A,NQ,N,'230,UPSHUR
'203902,BROADDUS ISD,'07,N,A,NQ,N,'203,SAN AUGUSTINE
'107902,BROWNSBORO ISD,'07,N,R,NQ,N,'107,HENDERSON
'212902,BULLARD ISD,'07,N,A,NQ,N,'212,SMITH
'201913,CARLISLE ISD,'07,N,A,NQ,N,'201,RUSK
'183902,CARTHAGE ISD,'07,N,A,NQ,N,'183,PANOLA
'001902,CAYUGA ISD,'07,N,R,NQ,N,'001,ANDERSON
'210901,CENTER ISD,'07,N,A,NQ,N,'210,SHELBY
'174908,CENTRAL HEIGHTS ISD,'07,N,R,NQ,N,'174,NACOGDOCHES
'003907,CENTRAL ISD,'07,N,R,NQ,N,'003,ANGELINA
'212909,CHAPEL HILL ISD,'07,N,A,NQ,N,'212,SMITH
'174901,CHIRENO ISD,'07,N,A,NQ,N,'174,NACOGDOCHES
'107904,CROSS ROADS ISD,'07,N,A,NQ,N,'107,HENDERSON
'174902,CUSHING ISD,'07,N,R,NQ,N,'174,NACOGDOCHES
'003905,DIBOLL ISD,'07,N,A,NQ,N,'003,ANGELINA
'174911,DOUGLASS ISD,'07,N,E,NQ,N,'174,NACOGDOCHES
'234903,EDGEWOOD ISD,'07,N,E,NQ,N,'234,VAN ZANDT
'001903,ELKHART ISD,'07,N,R,NQ,N,'001,ANDERSON
'102906,ELYSIAN FIELDS ISD,'07,N,A,NQ,N,'102,HARRISON
'174910,ETOILE ISD,'07,N,E,NA,N,'174,NACOGDOCHES
'107905,EUSTACE ISD,'07,N,R,NQ,N,'107,HENDERSON
'210906,EXCELSIOR ISD,'07,N,A,NA,N,'210,SHELBY
'001904,FRANKSTON ISD,'07,N,A,NQ,N,'001,ANDERSON
'234909,FRUITVALE ISD,'07,N,A,NQ,N,'234,VAN ZANDT
'174903,GARRISON ISD,'07,N,A,NQ,N,'174,NACOGDOCHES
'183904,GARY ISD,'07,N,R,NQ,N,'183,PANOLA
'230902,GILMER ISD,'07,N,A,NQ,N,'230,UPSHUR
'092901,GLADEWATER ISD,'07,N,A,NQ,N,'092,GREGG
'234904,GRAND SALINE ISD,'07,N,A,NQ,N,'234,VAN ZANDT
'102904,HALLSVILLE ISD,'07,N,R,NQ,N,'102,HARRISON
'102905,HARLETON ISD,'07,N,R,NQ,N,'102,HARRISON
'230905,HARMONY ISD,'07,N,R,NQ,N,'230,UPSHUR
'250902,HAWKINS ISD,'07,N,A,NQ,N,'250,WOOD
'202903,HEMPHILL ISD,'07,N,A,NQ,N,'202,SABINE
'201902,HENDERSON ISD,'07,N,A,NQ,N,'201,RUSK
'003902,HUDSON ISD,'07,N,R,NQ,N,'003,ANGELINA
'003904,HUNTINGTON ISD,'07,N,A,NQ,N,'003,ANGELINA
'037904,JACKSONVILLE ISD,'07,N,A,NQ,N,'037,CHEROKEE
'210902,JOAQUIN ISD,'07,N,A,NQ,N,'210,SHELBY
'102901,KARNACK ISD,'07,N,A,NQ,N,'102,HARRISON
'092902,KILGORE ISD,'07,N,A,NQ,N,'092,GREGG
'107910,LA POYNOR ISD,'07,N,A,NQ,N,'107,HENDERSON
'201903,LANEVILLE ISD,'07,N,A,NQ,N,'201,RUSK
'201904,LEVERETTS CHAPEL ISD,'07,N,A,NQ,N,'201,RUSK
'212903,LINDALE ISD,'07,N,R,NQ,N,'212,SMITH
'092903,LONGVIEW ISD,'07,N,A,NQ,P,'092,GREGG
'003903,LUFKIN ISD,'07,N,A,NQ,N,'003,ANGELINA
'107906,MALAKOFF ISD,'07,N,A,NQ,N,'107,HENDERSON
'102902,MARSHALL ISD,'07,N,A,NQ,N,'102,HARRISON
'234905,MARTINS MILL ISD,'07,N,R,NQ,N,'234,VAN ZANDT
'174909,MARTINSVILLE ISD,'07,N,R,NQ,N,'174,NACOGDOCHES
'250903,MINEOLA ISD,'07,N,A,NQ,N,'250,WOOD
'201907,MOUNT ENTERPRISE ISD,'07,N,A,NQ,N,'201,RUSK
'107908,MURCHISON ISD,'07,N,R,NA,N,'107,HENDERSON
'174904,NACOGDOCHES ISD,'07,N,A,NQ,N,'174,NACOGDOCHES
'001906,NECHES ISD,'07,N,A,NQ,N,'001,ANDERSON
'230906,NEW DIANA ISD,'07,N,A,NQ,N,'230,UPSHUR
'037908,NEW SUMMERFIELD ISD,'07,N,A,NQ,N,'037,CHEROKEE
'230903,ORE CITY ISD,'07,N,R,NQ,N,'230,UPSHUR
'201908,OVERTON ISD,'07,N,A,NQ,N,'201,RUSK
'001907,PALESTINE ISD,'07,N,A,NQ,N,'001,ANDERSON
'092904,PINE TREE ISD,'07,N,A,NQ,N,'092,GREGG
'250904,QUITMAN ISD,'07,N,A,NQ,N,'250,WOOD
'190903,RAINS ISD,'07,N,R,NQ,N,'190,RAINS
'037907,RUSK ISD,'07,N,A,NQ,N,'037,CHEROKEE
'092906,SABINE ISD,'07,N,R,NQ,N,'092,GREGG
'203901,SAN AUGUSTINE ISD,'07,N,A,NQ,N,'203,SAN AUGUSTINE
'210903,SHELBYVILLE ISD,'07,N,A,NQ,N,'210,SHELBY
'001909,SLOCUM ISD,'07,N,R,NQ,N,'001,ANDERSON
'092907,SPRING HILL ISD,'07,N,R,NQ,N,'092,GREGG
'201910,TATUM ISD,'07,N,A,NQ,N,'201,RUSK
'210904,TENAHA ISD,'07,N,A,NQ,N,'210,SHELBY
'210905,TIMPSON ISD,'07,N,A,NQ,N,'210,SHELBY
'107907,TRINIDAD ISD,'07,N,A,NQ,N,'107,HENDERSON
'212904,TROUP ISD,'07,N,A,NQ,N,'212,SMITH
'212905,TYLER ISD,'07,N,A,NQ,N,'212,SMITH
'230908,UNION GROVE ISD,'07,N,R,NQ,N,'230,UPSHUR
'230904,UNION HILL ISD,'07,N,A,NQ,N,'230,UPSHUR
'234906,VAN ISD,'07,N,R,NQ,N,'234,VAN ZANDT
'102903,WASKOM ISD,'07,N,A,NQ,N,'102,HARRISON
'037909,WELLS ISD,'07,N,R,NQ,N,'037,CHEROKEE
'201914,WEST RUSK ISD,'07,N,A,NQ,N,'201,RUSK
'202905,WEST SABINE ISD,'07,N,A,NQ,N,'202,SABINE
'001908,WESTWOOD ISD,'07,N,A,NQ,N,'001,ANDERSON
'092908,WHITE OAK ISD,'07,N,R,NQ,N,'092,GREGG
'212906,WHITEHOUSE ISD,'07,N,R,NQ,N,'212,SMITH
'250907,WINNSBORO ISD,'07,N,R,NQ,N,'250,WOOD
'212910,WINONA ISD,'07,N,A,NQ,N,'212,SMITH
'174906,WODEN ISD,'07,N,R,NQ,N,'174,NACOGDOCHES
'250905,YANTIS ISD,'07,N,A,NQ,N,'250,WOOD
'003906,ZAVALLA ISD,'07,N,E,NQ,N,'003,ANGELINA
'034901,ATLANTA ISD,'08,N,R,NQ,N,'034,CASS
'194902,AVERY ISD,'08,N,R,NQ,N,'194,RED RIVER
'034902,AVINGER ISD,'08,N,A,NQ,N,'034,CASS
'034909,BLOOMBURG ISD,'08,N,E,NQ,N,'034,CASS
'225906,CHAPEL HILL ISD,'08,N,A,NA,N,'225,TITUS
'139905,CHISUM ISD,'08,N,R,NQ,N,'139,LAMAR
'194904,CLARKSVILLE ISD,'08,N,A,NQ,N,'194,RED RIVER
'112908,COMO-PICKTON CISD,'08,N,A,NQ,N,'112,HOPKINS
'060902,COOPER ISD,'08,N,A,NQ,N,'060,DELTA
'112905,CUMBY ISD,'08,N,R,NQ,N,'112,HOPKINS
'172902,DAINGERFIELD-LONE STAR ISD,'08,N,A,NQ,N,'172,MORRIS
'019901,DEKALB ISD,'08,N,R,NQ,N,'019,BOWIE
'194905,DETROIT ISD,'08,N,A,NQ,N,'194,RED RIVER
'060914,FANNINDEL ISD,'08,N,A,NQ,N,'060,DELTA
'225907,HARTS BLUFF ISD,'08,N,R,NA,N,'225,TITUS
'019902,HOOKS ISD,'08,N,R,NQ,N,'019,BOWIE
'019913,HUBBARD ISD,'08,N,E,NA,N,'019,BOWIE
'034903,HUGHES SPRINGS ISD,'08,N,A,NQ,N,'034,CASS
'155901,JEFFERSON ISD,'08,N,A,NQ,N,'155,MARION
'019914,LEARY ISD,'08,N,R,NA,N,'019,BOWIE
'019908,LIBERTY-EYLAU ISD,'08,N,R,NQ,N,'019,BOWIE
'034905,LINDEN-KILDARE CONS ISD,'08,N,E,NQ,N,'034,CASS
'019910,MALTA ISD,'08,N,R,NA,N,'019,BOWIE
'034908,MARIETTA ISD,'08,N,L,NA,N,'034,CASS
'019903,MAUD ISD,'08,N,R,NQ,N,'019,BOWIE
'034906,MCLEOD ISD,'08,N,E,NQ,N,'034,CASS
'112907,MILLER GROVE ISD,'08,N,A,NQ,N,'112,HOPKINS
'225902,MOUNT PLEASANT ISD,'08,N,A,NQ,N,'225,TITUS
'080901,MOUNT VERNON ISD,'08,N,R,NQ,N,'080,FRANKLIN
'019905,NEW BOSTON ISD,'08,N,R,NQ,N,'019,BOWIE
'112906,NORTH HOPKINS ISD,'08,N,A,NQ,N,'112,HOPKINS
'139911,NORTH LAMAR ISD,'08,N,A,NQ,N,'139,LAMAR
'139909,PARIS ISD,'08,N,A,NQ,N,'139,LAMAR
'172905,PEWITT ISD,'08,N,R,NQ,N,'172,MORRIS
'032902,PITTSBURG ISD,'08,N,A,NQ,N,'032,CAMP
'019912,PLEASANT GROVE ISD,'08,N,E,NQ,N,'019,BOWIE
'139912,PRAIRILAND ISD,'08,N,R,NQ,N,'139,LAMAR
'034907,QUEEN CITY ISD,'08,N,A,NQ,N,'034,CASS
'019911,RED LICK ISD,'08,N,R,NA,N,'019,BOWIE
'019906,REDWATER ISD,'08,N,R,NQ,N,'019,BOWIE
'139908,ROXTON ISD,'08,N,A,NQ,N,'139,LAMAR
'112909,SALTILLO ISD,'08,N,R,NQ,N,'112,HOPKINS
'019909,SIMMS ISD,'08,N,R,NQ,N,'019,BOWIE
'112910,SULPHUR BLUFF ISD,'08,N,R,NQ,N,'112,HOPKINS
'112901,SULPHUR SPRINGS ISD,'08,N,R,NQ,N,'112,HOPKINS
'194903,TALCO-BOGATA CONS ISD,'08,N,R,NQ,N,'194,RED RIVER
'019907,TEXARKANA ISD,'08,N,A,NQ,N,'019,BOWIE
'225905,WINFIELD ISD,'08,N,R,NA,N,'225,TITUS
'005901,ARCHER CITY ISD,'09,N,R,NQ,N,'005,ARCHER
'039904,BELLEVUE ISD,'09,N,E,NQ,N,'039,CLAY
'138904,BENJAMIN ISD,'09,N,R,NQ,N,'138,KNOX
'169901,BOWIE ISD,'09,N,R,NQ,N,'169,MONTAGUE
'119901,BRYSON ISD,'09,N,R,NQ,N,'119,JACK
'243901,BURKBURNETT ISD,'09,N,R,NQ,N,'243,WICHITA
'039901,BYERS ISD,'09,N,E,AT,N,'039,CLAY
'099902,CHILLICOTHE ISD,'09,N,A,NQ,N,'099,HARDEMAN
'243906,CITY VIEW ISD,'09,N,A,NA,N,'243,WICHITA
'078901,CROWELL ISD,'09,N,A,NQ,N,'078,FOARD
'243902,ELECTRA ISD,'09,N,A,NQ,N,'243,WICHITA
'169910,FORESTBURG ISD,'09,N,R,NQ,N,'169,MONTAGUE
'169906,GOLD BURG ISD,'09,N,A,AT,N,'169,MONTAGUE
'138901,GOREE ISD,'09,N,A,NQ,N,'138,KNOX
'252901,GRAHAM ISD,'09,N,A,NQ,N,'252,YOUNG
'244901,HARROLD ISD,'09,N,A,NQ,N,'244,WILBARGER
'039902,HENRIETTA ISD,'09,N,A,NQ,N,'039,CLAY
'005902,HOLLIDAY ISD,'09,N,R,NQ,N,'005,ARCHER
'243903,IOWA PARK CONS ISD,'09,N,R,NQ,N,'243,WICHITA
'119902,JACKSBORO ISD,'09,N,R,NQ,N,'119,JACK
'138902,KNOX CITY-O'BRIEN ISD,'09,N,R,NQ,N,'138,KNOX
'005903,MEGARGEL ISD,'09,N,A,NQ,N,'005,ARCHER
'039905,MIDWAY ISD,'09,N,E,AC,N,'039,CLAY
'169908,MONTAGUE ISD,'09,N,A,NA,N,'169,MONTAGUE
'138903,MUNDAY ISD,'09,N,A,NQ,N,'138,KNOX
'252902,NEWCASTLE ISD,'09,N,A,NQ,N,'252,YOUNG
'169902,NOCONA ISD,'09,N,R,NQ,N,'169,MONTAGUE
'244905,NORTHSIDE ISD,'09,N,R,NQ,N,'244,WILBARGER
'252903,OLNEY ISD,'09,N,A,NQ,N,'252,YOUNG
'119903,PERRIN-WHITT CONS ISD,'09,N,R,NQ,N,'119,JACK
'039903,PETROLIA ISD,'09,N,A,NQ,N,'039,CLAY
'169909,PRAIRIE VALLEY ISD,'09,N,E,NQ,N,'169,MONTAGUE
'099903,QUANAH ISD,'09,N,A,NQ,N,'099,HARDEMAN
'169911,SAINT JO ISD,'09,N,E,NQ,N,'169,MONTAGUE
'012901,SEYMOUR ISD,'09,N,R,NQ,N,'012,BAYLOR
'224901,THROCKMORTON ISD,'09,N,R,NQ,N,'224,THROCKMORTON
'244903,VERNON ISD,'09,N,A,NQ,N,'244,WILBARGER
'243905,WICHITA FALLS ISD,'09,N,A,NQ,N,'243,WICHITA
'005904,WINDTHORST ISD,'09,N,R,NQ,N,'005,ARCHER
'224902,WOODSON ISD,'09,N,E,NQ,N,'224,THROCKMORTON
'043901,ALLEN ISD,'10,N,E,NQ,N,'043,COLLIN
'043902,ANNA ISD,'10,N,A,NQ,N,'043,COLLIN
'070901,AVALON ISD,'10,N,A,NQ,N,'070,ELLIS
'091901,BELLS ISD,'10,N,R,NQ,N,'091,GRAYSON
'116915,BLAND ISD,'10,N,A,NQ,N,'116,HUNT
'043917,BLUE RIDGE ISD,'10,N,R,NQ,N,'043,COLLIN
'116916,BOLES ISD,'10,N,A,NQ,N,'116,HUNT
'074903,BONHAM ISD,'10,N,A,NQ,N,'074,FANNIN
'116901,CADDO MILLS ISD,'10,N,R,NQ,N,'116,HUNT
'116910,CAMPBELL ISD,'10,N,R,NQ,N,'116,HUNT
'234902,CANTON ISD,'10,N,E,NQ,N,'234,VAN ZANDT
'057903,CARROLLTON-FARMERS BRANCH ISD,'10,N,A,NQ,N,'057,DALLAS
'057904,CEDAR HILL ISD,'10,N,A,NQ,N,'057,DALLAS
'116902,CELESTE ISD,'10,N,R,NQ,N,'116,HUNT
'043903,CELINA ISD,'10,N,A,NQ,N,'043,COLLIN
'091902,COLLINSVILLE ISD,'10,N,R,NQ,N,'091,GRAYSON
'116903,COMMERCE ISD,'10,N,A,NQ,N,'116,HUNT
'043918,COMMUNITY ISD,'10,N,A,NQ,N,'043,COLLIN
'057922,COPPELL ISD,'10,N,E,NQ,N,'057,DALLAS
'129901,CRANDALL ISD,'10,N,R,NQ,N,'129,KAUFMAN
'057804,DALLAS CAN! ACADEMY CHARTER,'10,Y,C,CS,N,'057,DALLAS
'057905,DALLAS ISD,'10,N,A,NQ,P,'057,DALLAS
'091903,DENISON ISD,'10,N,A,NQ,N,'091,GRAYSON
'057906,DESOTO ISD,'10,N,A,NQ,N,'057,DALLAS
'074904,DODD CITY ISD,'10,N,A,NQ,N,'074,FANNIN
'057907,DUNCANVILLE ISD,'10,N,A,NQ,N,'057,DALLAS
'074905,ECTOR ISD,'10,N,A,AC,N,'074,FANNIN
'070903,ENNIS ISD,'10,N,A,NQ,N,'070,ELLIS
'043904,FARMERSVILLE ISD,'10,N,A,NQ,N,'043,COLLIN
'070905,FERRIS ISD,'10,N,R,NQ,N,'070,ELLIS
'129902,FORNEY ISD,'10,N,R,NQ,N,'129,KAUFMAN
'043905,FRISCO ISD,'10,N,A,NQ,N,'043,COLLIN
'057909,GARLAND ISD,'10,N,A,NQ,N,'057,DALLAS
'057910,GRAND PRAIRIE ISD,'10,N,A,NQ,N,'057,DALLAS
'116905,GREENVILLE ISD,'10,N,A,NQ,N,'116,HUNT
'091917,GUNTER ISD,'10,N,E,NQ,N,'091,GRAYSON
'057911,HIGHLAND PARK ISD,'10,N,E,AC,N,'057,DALLAS
'074907,HONEY GROVE ISD,'10,N,A,NQ,N,'074,FANNIN
'091905,HOWE ISD,'10,N,R,NQ,N,'091,GRAYSON
'057912,IRVING ISD,'10,N,A,NQ,N,'057,DALLAS
'070907,ITALY ISD,'10,N,A,NQ,N,'070,ELLIS
'129903,KAUFMAN ISD,'10,N,A,NQ,N,'129,KAUFMAN
'129904,KEMP ISD,'10,N,A,NQ,N,'129,KAUFMAN
'057913,LANCASTER ISD,'10,N,A,NQ,N,'057,DALLAS
'074909,LEONARD ISD,'10,N,A,NQ,N,'074,FANNIN
'116906,LONE OAK ISD,'10,N,E,NQ,N,'116,HUNT
'043919,LOVEJOY ISD,'10,N,E,NA,N,'043,COLLIN
'129905,MABANK ISD,'10,N,R,NQ,N,'129,KAUFMAN
'070915,MAYPEARL ISD,'10,N,R,NQ,N,'070,ELLIS
'043907,MCKINNEY ISD,'10,N,A,NQ,P,'043,COLLIN
'043908,MELISSA ISD,'10,N,A,NA,N,'043,COLLIN
'057914,MESQUITE ISD,'10,N,A,NQ,N,'057,DALLAS
'070908,MIDLOTHIAN ISD,'10,N,A,NQ,N,'070,ELLIS
'070909,MILFORD ISD,'10,N,A,NQ,N,'070,ELLIS
'070910,PALMER ISD,'10,N,A,NQ,N,'070,ELLIS
'057802,PEGASUS CHARTER SCHOOL,'10,Y,C,CS,N,'057,DALLAS
'043910,PLANO ISD,'10,N,A,AC,N,'043,COLLIN
'091913,POTTSBORO ISD,'10,N,R,NQ,N,'091,GRAYSON
'043911,PRINCETON ISD,'10,N,A,NQ,N,'043,COLLIN
'043912,PROSPER ISD,'10,N,A,NQ,N,'043,COLLIN
'116908,QUINLAN ISD,'10,N,A,NQ,N,'116,HUNT
'070911,RED OAK ISD,'10,N,R,NQ,N,'070,ELLIS
'057801,RENAISSANCE CHARTER SCHOOL,'10,Y,C,CS,N,'057,DALLAS
'057916,RICHARDSON ISD,'10,N,A,NQ,N,'057,DALLAS
'199901,ROCKWALL ISD,'10,N,R,NQ,N,'199,ROCKWALL
'199902,ROYSE CITY ISD,'10,N,A,NQ,N,'199,ROCKWALL
'091914,S AND S CONS ISD,'10,N,E,NQ,N,'091,GRAYSON
'074917,SAM RAYBURN ISD,'10,N,A,NQ,N,'074,FANNIN
'074911,SAVOY ISD,'10,N,A,NQ,N,'074,FANNIN
'129910,SCURRY-ROSSER ISD,'10,N,A,NQ,N,'129,KAUFMAN
'091906,SHERMAN ISD,'10,N,A,NQ,N,'091,GRAYSON
'057919,SUNNYVALE ISD,'10,N,E,NA,N,'057,DALLAS
'129906,TERRELL ISD,'10,N,R,NQ,N,'129,KAUFMAN
'057803,THE NORTH HILLS SCHOOL,'10,Y,C,CS,N,'057,DALLAS
'091907,TIOGA ISD,'10,N,E,NA,N,'091,GRAYSON
'091918,TOM BEAN ISD,'10,N,R,NQ,N,'091,GRAYSON
'074912,TRENTON ISD,'10,N,R,NQ,N,'074,FANNIN
'091908,VAN ALSTYNE ISD,'10,N,R,NQ,N,'091,GRAYSON
'070912,WAXAHACHIE ISD,'10,N,A,NQ,N,'070,ELLIS
'091909,WHITESBORO ISD,'10,N,A,NQ,N,'091,GRAYSON
'091910,WHITEWRIGHT ISD,'10,N,E,NQ,N,'091,GRAYSON
'234907,WILLS POINT ISD,'10,N,A,NQ,N,'234,VAN ZANDT
'057920,WILMER-HUTCHINS ISD,'10,N,A,NQ,N,'057,DALLAS
'116909,WOLFE CITY ISD,'10,N,E,NQ,N,'116,HUNT
'043914,WYLIE ISD,'10,N,A,NQ,N,'043,COLLIN
'184907,ALEDO ISD,'11,N,E,NQ,N,'184,PARKER
'126901,ALVARADO ISD,'11,N,R,NQ,N,'126,JOHNSON
'249901,ALVORD ISD,'11,N,A,NQ,N,'249,WISE
'061910,ARGYLE ISD,'11,N,E,NA,N,'061,DENTON
'220901,ARLINGTON ISD,'11,N,A,NQ,P,'220,TARRANT
'061907,AUBREY ISD,'11,N,A,NQ,N,'061,DENTON
'220915,AZLE ISD,'11,N,R,NQ,N,'220,TARRANT
'220902,BIRDVILLE ISD,'11,N,A,NQ,N,'220,TARRANT
'072904,BLUFF DALE ISD,'11,N,E,NA,N,'072,ERATH
'249902,BOYD ISD,'11,N,A,NQ,N,'249,WISE
'249903,BRIDGEPORT ISD,'11,N,A,NQ,N,'249,WISE
'184909,BROCK ISD,'11,N,R,NQ,N,'184,PARKER
'126902,BURLESON ISD,'11,N,R,NQ,N,'126,JOHNSON
'049905,CALLISBURG ISD,'11,N,R,NQ,N,'049,COOKE
'220919,CARROLL ISD,'11,N,E,NQ,N,'220,TARRANT
'220917,CASTLEBERRY ISD,'11,N,A,NQ,N,'220,TARRANT
'249904,CHICO ISD,'11,N,A,NQ,N,'249,WISE
'126903,CLEBURNE ISD,'11,N,A,NQ,N,'126,JOHNSON
'220912,CROWLEY ISD,'11,N,R,NQ,N,'220,TARRANT
'249905,DECATUR ISD,'11,N,A,NQ,N,'249,WISE
'061901,DENTON ISD,'11,N,A,NQ,N,'061,DENTON
'072902,DUBLIN ISD,'11,N,A,NQ,N,'072,ERATH
'220918,EAGLE MT-SAGINAW ISD,'11,N,R,NQ,N,'220,TARRANT
'049906,ERA ISD,'11,N,R,NQ,N,'049,COOKE
'220904,EVERMAN ISD,'11,N,A,NQ,N,'220,TARRANT
'220905,FORT WORTH ISD,'11,N,A,NQ,P,'220,TARRANT
'049901,GAINESVILLE ISD,'11,N,A,NQ,N,'049,COOKE
'184911,GARNER ISD,'11,N,R,NA,N,'184,PARKER
'213901,GLEN ROSE ISD,'11,N,R,NQ,N,'213,SOMERVELL
'126911,GODLEY ISD,'11,N,R,NQ,N,'126,JOHNSON
'182901,GORDON ISD,'11,N,E,NQ,N,'182,PALO PINTO
'182902,GRAFORD ISD,'11,N,R,NQ,N,'182,PALO PINTO
'111901,GRANBURY ISD,'11,N,R,NQ,N,'111,HOOD
'126904,GRANDVIEW ISD,'11,N,R,NQ,N,'126,JOHNSON
'220906,GRAPEVINE-COLLEYVILLE ISD,'11,N,R,NQ,N,'220,TARRANT
'072908,HUCKABAY ISD,'11,N,A,NQ,N,'072,ERATH
'220916,HURST-EULESS-BEDFORD ISD,'11,N,A,NQ,N,'220,TARRANT
'126905,JOSHUA ISD,'11,N,A,NQ,N,'126,JOHNSON
'126906,KEENE ISD,'11,N,R,NQ,N,'126,JOHNSON
'220907,KELLER ISD,'11,N,A,NQ,N,'220,TARRANT
'220914,KENNEDALE ISD,'11,N,A,NQ,N,'220,TARRANT
'061905,KRUM ISD,'11,N,A,NQ,N,'061,DENTON
'061912,LAKE DALLAS ISD,'11,N,R,NQ,N,'061,DENTON
'220910,LAKE WORTH ISD,'11,N,A,NQ,N,'220,TARRANT
'061902,LEWISVILLE ISD,'11,N,R,NQ,N,'061,DENTON
'049907,LINDSAY ISD,'11,N,E,NQ,N,'049,COOKE
'072909,LINGLEVILLE ISD,'11,N,A,NQ,N,'072,ERATH
'111902,LIPAN ISD,'11,N,A,NQ,N,'111,HOOD
'061914,LITTLE ELM ISD,'11,N,A,NQ,N,'061,DENTON
'220908,MANSFIELD ISD,'11,N,R,NQ,N,'220,TARRANT
'220909,MASONIC HOME ISD,'11,N,R,NQ,N,'220,TARRANT
'184904,MILLSAP ISD,'11,N,A,NQ,N,'184,PARKER
'182903,MINERAL WELLS ISD,'11,N,A,NQ,N,'182,PALO PINTO
'072910,MORGAN MILL ISD,'11,N,E,NA,N,'072,ERATH
'049902,MUENSTER ISD,'11,N,R,AT,N,'049,COOKE
'061911,NORTHWEST ISD,'11,N,A,NQ,N,'061,DENTON
'182906,PALO PINTO ISD,'11,N,E,NA,N,'182,PALO PINTO
'249906,PARADISE ISD,'11,N,A,NQ,N,'249,WISE
'184908,PEASTER ISD,'11,N,R,NQ,N,'184,PARKER
'061903,PILOT POINT ISD,'11,N,R,NQ,N,'061,DENTON
'061906,PONDER ISD,'11,N,R,NQ,N,'061,DENTON
'184901,POOLVILLE ISD,'11,N,R,NQ,N,'184,PARKER
'126907,RIO VISTA ISD,'11,N,A,NQ,N,'126,JOHNSON
'061908,SANGER ISD,'11,N,A,NQ,N,'061,DENTON
'182904,SANTO ISD,'11,N,A,NQ,N,'182,PALO PINTO
'049909,SIVELLS BEND ISD,'11,N,R,NA,N,'049,COOKE
'249908,SLIDELL ISD,'11,N,A,NQ,N,'249,WISE
'184902,SPRINGTOWN ISD,'11,N,A,NQ,N,'184,PARKER
'072903,STEPHENVILLE ISD,'11,N,R,NQ,N,'072,ERATH
'182905,STRAWN ISD,'11,N,R,NQ,N,'182,PALO PINTO
'072901,THREE WAY ISD,'11,N,R,NA,N,'072,ERATH
'111903,TOLAR ISD,'11,N,A,NQ,N,'111,HOOD
'049903,VALLEY VIEW ISD,'11,N,E,NQ,N,'049,COOKE
'126908,VENUS ISD,'11,N,A,NQ,N,'126,JOHNSON
'049908,WALNUT BEND ISD,'11,N,A,NA,N,'049,COOKE
'184903,WEATHERFORD ISD,'11,N,A,NQ,N,'184,PARKER
'220920,WHITE SETTLEMENT ISD,'11,N,R,NQ,N,'220,TARRANT
'109901,ABBOTT ISD,'12,N,E,AT,N,'109,HILL
'014901,ACADEMY ISD,'12,N,R,NQ,N,'014,BELL
'109912,AQUILLA ISD,'12,N,R,NQ,N,'109,HILL
'161918,AXTELL ISD,'12,N,R,NQ,N,'161,MCLENNAN
'014902,BARTLETT ISD,'12,N,A,NQ,N,'014,BELL
'014903,BELTON ISD,'12,N,A,NQ,N,'014,BELL
'175902,BLOOMING GROVE ISD,'12,N,A,NQ,N,'175,NAVARRO
'109913,BLUM ISD,'12,N,R,NQ,N,'109,HILL
'161923,BOSQUEVILLE ISD,'12,N,E,NQ,N,'161,MCLENNAN
'161919,BRUCEVILLE-EDDY ISD,'12,N,A,NQ,N,'161,MCLENNAN
'109902,BYNUM ISD,'12,N,E,NQ,N,'109,HILL
'073901,CHILTON ISD,'12,N,A,NQ,N,'073,FALLS
'161920,CHINA SPRING ISD,'12,N,R,NQ,N,'161,MCLENNAN
'018901,CLIFTON ISD,'12,N,A,NQ,N,'018,BOSQUE
'161921,CONNALLY ISD,'12,N,R,NQ,N,'161,MCLENNAN
'147901,COOLIDGE ISD,'12,N,R,NQ,N,'147,LIMESTONE
'050910,COPPERAS COVE ISD,'12,N,A,NQ,N,'050,CORYELL
'175903,CORSICANA ISD,'12,N,A,NQ,N,'175,NAVARRO
'109903,COVINGTON ISD,'12,N,A,NQ,N,'109,HILL
'018908,CRANFILLS GAP ISD,'12,N,R,NQ,N,'018,BOSQUE
'161901,CRAWFORD ISD,'12,N,E,NQ,N,'161,MCLENNAN
'175904,DAWSON ISD,'12,N,A,NQ,N,'175,NAVARRO
'081906,DEW ISD,'12,N,E,NA,N,'081,FREESTONE
'050901,EVANT ISD,'12,N,R,NQ,N,'050,CORYELL
'081902,FAIRFIELD ISD,'12,N,A,NQ,N,'081,FREESTONE
'175905,FROST ISD,'12,N,E,NQ,N,'175,NAVARRO
'050902,GATESVILLE ISD,'12,N,A,NQ,N,'050,CORYELL
'161925,GHOLSON ISD,'12,N,E,NA,N,'161,MCLENNAN
'167901,GOLDTHWAITE ISD,'12,N,A,NQ,N,'167,MILLS
'147902,GROESBECK ISD,'12,N,A,NQ,N,'147,LIMESTONE
'161924,HALLSBURG ISD,'12,N,E,NA,N,'161,MCLENNAN
'097902,HAMILTON ISD,'12,N,A,NQ,N,'097,HAMILTON
'097903,HICO ISD,'12,N,R,NQ,N,'097,HAMILTON
'109904,HILLSBORO ISD,'12,N,A,NQ,N,'109,HILL
'014905,HOLLAND ISD,'12,N,R,NQ,N,'014,BELL
'109905,HUBBARD ISD,'12,N,A,NQ,N,'109,HILL
'018906,IREDELL ISD,'12,N,R,NQ,N,'018,BOSQUE
'109907,ITASCA ISD,'12,N,E,NQ,N,'109,HILL
'050909,JONESBORO ISD,'12,N,R,NQ,N,'050,CORYELL
'175907,KERENS ISD,'12,N,A,NQ,N,'175,NAVARRO
'014906,KILLEEN ISD,'12,N,A,NQ,N,'014,BELL
'018907,KOPPERL ISD,'12,N,A,NQ,N,'018,BOSQUE
'161906,LA VEGA ISD,'12,N,A,NQ,N,'161,MCLENNAN
'141901,LAMPASAS ISD,'12,N,R,NQ,N,'141,LAMPASAS
'141902,LOMETA ISD,'12,N,R,NQ,N,'141,LAMPASAS
'161907,LORENA ISD,'12,N,E,NQ,N,'161,MCLENNAN
'109908,MALONE ISD,'12,N,R,NA,N,'109,HILL
'073903,MARLIN ISD,'12,N,A,NQ,N,'073,FALLS
'161908,MART ISD,'12,N,A,NQ,N,'161,MCLENNAN
'161909,MCGREGOR ISD,'12,N,R,NQ,N,'161,MCLENNAN
'018902,MERIDIAN ISD,'12,N,A,NQ,N,'018,BOSQUE
'147903,MEXIA ISD,'12,N,A,NQ,N,'147,LIMESTONE
'161903,MIDWAY ISD,'12,N,R,NQ,N,'161,MCLENNAN
'175910,MILDRED ISD,'12,N,R,NQ,N,'175,NAVARRO
'161910,MOODY ISD,'12,N,A,NQ,N,'161,MCLENNAN
'018903,MORGAN ISD,'12,N,A,NQ,N,'018,BOSQUE
'109910,MOUNT CALM ISD,'12,N,A,NA,N,'109,HILL
'167902,MULLIN ISD,'12,N,A,NQ,N,'167,MILLS
'050904,OGLESBY ISD,'12,N,R,NQ,N,'050,CORYELL
'109914,PENELOPE ISD,'12,N,R,AT,N,'109,HILL
'167904,PRIDDY ISD,'12,N,R,NQ,N,'167,MILLS
'175911,RICE ISD,'12,N,R,NA,N,'175,NAVARRO
'161912,RIESEL ISD,'12,N,R,NQ,N,'161,MCLENNAN
'161922,ROBINSON ISD,'12,N,R,NQ,N,'161,MCLENNAN
'014907,ROGERS ISD,'12,N,R,NQ,N,'014,BELL
'073905,ROSEBUD-LOTT ISD,'12,N,A,NQ,N,'073,FALLS
'014908,SALADO ISD,'12,N,R,NQ,N,'014,BELL
'167903,STAR ISD,'12,N,A,NQ,N,'167,MILLS
'081904,TEAGUE ISD,'12,N,A,NQ,N,'081,FREESTONE
'014909,TEMPLE ISD,'12,N,A,NQ,N,'014,BELL
'014910,TROY ISD,'12,N,A,NQ,N,'014,BELL
'018904,VALLEY MILLS ISD,'12,N,A,NQ,N,'018,BOSQUE
'161801,WACO CHARTER SCHOOL,'12,Y,C,CS,N,'161,MCLENNAN
'161914,WACO ISD,'12,N,A,NQ,N,'161,MCLENNAN
'018905,WALNUT SPRINGS ISD,'12,N,A,NQ,N,'018,BOSQUE
'161916,WEST ISD,'12,N,R,NQ,N,'161,MCLENNAN
'073904,WESTPHALIA ISD,'12,N,E,NA,N,'073,FALLS
'109911,WHITNEY ISD,'12,N,A,NQ,N,'109,HILL
'081905,WORTHAM ISD,'12,N,R,NQ,N,'081,FREESTONE
'227801,AMERICAN INSTITUTE FOR LEARNING,'13,Y,C,CS,N,'227,TRAVIS
'227901,AUSTIN ISD,'13,N,A,NQ,P,'227,TRAVIS
'011901,BASTROP ISD,'13,N,A,NQ,N,'011,BASTROP
'016902,BLANCO ISD,'13,N,R,NQ,N,'016,BLANCO
'027903,BURNET CONS ISD,'13,N,A,NQ,N,'027,BURNET
'046902,COMAL ISD,'13,N,A,NQ,N,'046,COMAL
'130902,COMFORT ISD,'13,N,A,NQ,N,'130,KENDALL
'246914,COUPLAND ISD,'13,N,E,NA,N,'246,WILLIAMSON
'227910,DEL VALLE ISD,'13,N,A,NQ,N,'227,TRAVIS
'144903,DIME BOX ISD,'13,N,A,AT,N,'144,LEE
'086024,DOSS CONS CSD,'13,N,A,NA,N,'086,GILLESPIE
'105904,DRIPPING SPRINGS ISD,'13,N,E,AC,N,'105,HAYS
'227909,EANES ISD,'13,N,E,AC,N,'227,TRAVIS
'011902,ELGIN ISD,'13,N,A,NQ,N,'011,BASTROP
'075906,FAYETTEVILLE ISD,'13,N,R,AT,N,'075,FAYETTE
'075901,FLATONIA ISD,'13,N,R,NQ,N,'075,FAYETTE
'246902,FLORENCE ISD,'13,N,A,NQ,N,'246,WILLIAMSON
'086901,FREDERICKSBURG ISD,'13,N,A,NQ,N,'086,GILLESPIE
'246904,GEORGETOWN ISD,'13,N,A,NQ,N,'246,WILLIAMSON
'144901,GIDDINGS ISD,'13,N,A,NQ,N,'144,LEE
'089901,GONZALES ISD,'13,N,A,NQ,N,'089,GONZALES
'246905,GRANGER ISD,'13,N,A,NQ,N,'246,WILLIAMSON
'086902,HARPER ISD,'13,N,E,NQ,N,'086,GILLESPIE
'105906,HAYS CONS ISD,'13,N,A,NQ,N,'105,HAYS
'246906,HUTTO ISD,'13,N,A,NQ,N,'246,WILLIAMSON
'246907,JARRELL ISD,'13,N,A,NQ,N,'246,WILLIAMSON
'016901,JOHNSON CITY ISD,'13,N,R,NQ,N,'016,BLANCO
'075902,LA GRANGE ISD,'13,N,A,NQ,N,'075,FAYETTE
'227912,LAGO VISTA ISD,'13,N,A,NQ,N,'227,TRAVIS
'227913,LAKE TRAVIS ISD,'13,N,R,NQ,N,'227,TRAVIS
'246913,LEANDER ISD,'13,N,R,NQ,N,'246,WILLIAMSON
'144902,LEXINGTON ISD,'13,N,A,NQ,N,'144,LEE
'246908,LIBERTY HILL ISD,'13,N,E,NQ,N,'246,WILLIAMSON
'150901,LLANO ISD,'13,N,R,NQ,N,'150,LLANO
'028902,LOCKHART ISD,'13,N,A,NQ,N,'028,CALDWELL
'028903,LULING ISD,'13,N,A,NQ,N,'028,CALDWELL
'227907,MANOR ISD,'13,N,A,NQ,N,'227,TRAVIS
'027904,MARBLE FALLS ISD,'13,N,A,NQ,N,'027,BURNET
'094904,MARION ISD,'13,N,R,NQ,N,'094,GUADALUPE
'011905,MCDADE ISD,'13,N,L,NA,N,'011,BASTROP
'094903,NAVARRO ISD,'13,N,A,NQ,N,'094,GUADALUPE
'046901,NEW BRAUNFELS ISD,'13,N,A,NQ,N,'046,COMAL
'089903,NIXON-SMILEY CONS ISD,'13,N,R,NQ,N,'089,GONZALES
'227904,PFLUGERVILLE ISD,'13,N,A,NQ,N,'227,TRAVIS
'028906,PRAIRIE LEA ISD,'13,N,A,NQ,N,'028,CALDWELL
'246909,ROUND ROCK ISD,'13,N,A,NQ,N,'246,WILLIAMSON
'075908,ROUND TOP-CARMINE ISD,'13,N,R,NQ,N,'075,FAYETTE
'105902,SAN MARCOS CONS ISD,'13,N,A,NQ,N,'105,HAYS
'094902,SCHERTZ-CIBOLO-U CITY ISD,'13,N,A,NQ,N,'094,GUADALUPE
'075903,SCHULENBURG ISD,'13,N,A,NQ,N,'075,FAYETTE
'094901,SEGUIN ISD,'13,N,A,NQ,N,'094,GUADALUPE
'011904,SMITHVILLE ISD,'13,N,A,NQ,N,'011,BASTROP
'246911,TAYLOR ISD,'13,N,A,NQ,N,'246,WILLIAMSON
'227802,TEXAS ACADEMY OF EXCELLENCE,'13,Y,C,CS,N,'227,TRAVIS
'166905,THORNDALE ISD,'13,N,R,NQ,N,'166,MILAM
'246912,THRALL ISD,'13,N,A,NQ,N,'246,WILLIAMSON
'089905,WAELDER ISD,'13,N,A,NQ,N,'089,GONZALES
'105905,WIMBERLEY ISD,'13,N,E,NQ,N,'105,HAYS
'221901,ABILENE ISD,'14,N,A,NQ,N,'221,TAYLOR
'209901,ALBANY ISD,'14,N,E,NQ,N,'209,SHACKELFORD
'127901,ANSON ISD,'14,N,R,NQ,N,'127,JONES
'217901,ASPERMONT ISD,'14,N,R,NQ,N,'217,STONEWALL
'030903,BAIRD ISD,'14,N,A,NQ,N,'030,CALLAHAN
'177903,BLACKWELL CONS ISD,'14,N,R,NQ,N,'177,NOLAN
'215901,BRECKENRIDGE ISD,'14,N,R,NQ,N,'215,STEPHENS
'067902,CISCO ISD,'14,N,R,NQ,N,'067,EASTLAND
'030902,CLYDE CONS ISD,'14,N,R,NQ,N,'030,CALLAHAN
'168901,COLORADO ISD,'14,N,A,NQ,N,'168,MITCHELL
'047901,COMANCHE ISD,'14,N,A,NQ,N,'047,COMANCHE
'030901,CROSS PLAINS ISD,'14,N,A,NQ,N,'030,CALLAHAN
'047902,DE LEON ISD,'14,N,A,NQ,N,'047,COMANCHE
'067903,EASTLAND ISD,'14,N,R,NQ,N,'067,EASTLAND
'030906,EULA ISD,'14,N,R,NQ,N,'030,CALLAHAN
'067904,GORMAN ISD,'14,N,R,NQ,N,'067,EASTLAND
'047903,GUSTINE ISD,'14,N,A,NQ,N,'047,COMANCHE
'127903,HAMLIN ISD,'14,N,R,NQ,N,'127,JONES
'104901,HASKELL CISD,'14,N,R,NQ,N,'104,HASKELL
'127904,HAWLEY ISD,'14,N,A,NQ,N,'127,JONES
'208901,HERMLEIGH ISD,'14,N,A,NQ,N,'208,SCURRY
'177905,HIGHLAND ISD,'14,N,R,NQ,N,'177,NOLAN
'208903,IRA ISD,'14,N,E,AT,N,'208,SCURRY
'221911,JIM NED CONS ISD,'14,N,E,NQ,N,'221,TAYLOR
'168902,LORAINE ISD,'14,N,A,NQ,N,'168,MITCHELL
'127905,LUEDERS-AVOCA ISD,'14,N,E,NQ,N,'127,JONES
'221904,MERKEL ISD,'14,N,A,NQ,N,'221,TAYLOR
'209902,MORAN ISD,'14,N,E,NQ,N,'209,SHACKELFORD
'104907,PAINT CREEK ISD,'14,N,E,NQ,N,'104,HASKELL
'067907,RANGER ISD,'14,N,R,NQ,N,'067,EASTLAND
'067908,RISING STAR ISD,'14,N,R,NQ,N,'067,EASTLAND
'076903,ROBY CONS ISD,'14,N,R,AT,N,'076,FISHER
'104902,ROCHESTER ISD,'14,N,E,NQ,N,'104,HASKELL
'177901,ROSCOE ISD,'14,N,R,NQ,N,'177,NOLAN
'076904,ROTAN ISD,'14,N,E,NQ,N,'076,FISHER
'104903,RULE ISD,'14,N,R,AC,N,'104,HASKELL
'047905,SIDNEY ISD,'14,N,R,AT,N,'047,COMANCHE
'208902,SNYDER ISD,'14,N,R,NQ,N,'208,SCURRY
'127906,STAMFORD ISD,'14,N,A,NQ,N,'127,JONES
'177902,SWEETWATER ISD,'14,N,A,NQ,N,'177,NOLAN
'221905,TRENT ISD,'14,N,A,AC,N,'221,TAYLOR
'168903,WESTBROOK ISD,'14,N,A,NQ,N,'168,MITCHELL
'221912,WYLIE ISD,'14,N,E,NQ,N,'221,TAYLOR
'200901,BALLINGER ISD,'15,N,A,NQ,N,'200,RUNNELS
'025901,BANGS ISD,'15,N,R,NQ,N,'025,BROWN
'025904,BLANKET ISD,'15,N,A,NQ,N,'025,BROWN
'160901,BRADY ISD,'15,N,R,NQ,N,'160,MCCULLOCH
'041901,BRONTE ISD,'15,N,R,NQ,N,'041,COKE
'025908,BROOKESMITH ISD,'15,N,E,NQ,N,'025,BROWN
'025902,BROWNWOOD ISD,'15,N,A,NQ,N,'025,BROWN
'206903,CHEROKEE ISD,'15,N,A,NQ,N,'206,SAN SABA
'226901,CHRISTOVAL ISD,'15,N,R,NQ,N,'226,TOM GREEN
'042901,COLEMAN ISD,'15,N,R,NQ,N,'042,COLEMAN
'233903,COMSTOCK ISD,'15,N,R,NQ,N,'233,VAL VERDE
'053001,CROCKETT CO CONS CSD,'15,N,R,NQ,N,'053,CROCKETT
'025909,EARLY ISD,'15,N,E,NQ,N,'025,BROWN
'048901,EDEN CONS ISD,'15,N,A,NQ,N,'048,CONCHO
'226907,GRAPE CREEK ISD,'15,N,R,NA,N,'226,TOM GREEN
'118902,IRION CO ISD,'15,N,R,NQ,N,'118,IRION
'134901,JUNCTION ISD,'15,N,R,NQ,N,'134,KIMBLE
'160905,LOHN ISD,'15,N,E,NQ,N,'160,MCCULLOCH
'157901,MASON ISD,'15,N,R,NQ,N,'157,MASON
'025905,MAY ISD,'15,N,R,AC,N,'025,BROWN
'164901,MENARD ISD,'15,N,R,NQ,N,'164,MENARD
'200902,MILES ISD,'15,N,A,NQ,N,'200,RUNNELS
'042906,NOVICE ISD,'15,N,L,NE,N,'042,COLEMAN
'069902,NUECES CANYON CONS ISD,'15,N,R,NQ,N,'069,EDWARDS
'200906,OLFEN ISD,'15,N,A,NA,N,'200,RUNNELS
'048903,PAINT ROCK ISD,'15,N,E,NQ,N,'048,CONCHO
'042905,PANTHER CREEK CONS ISD,'15,N,R,NQ,N,'042,COLEMAN
'206902,RICHLAND SPRINGS ISD,'15,N,A,NQ,N,'206,SAN SABA
'041902,ROBERT LEE ISD,'15,N,R,NQ,N,'041,COKE
'160904,ROCHELLE ISD,'15,N,R,NQ,N,'160,MCCULLOCH
'069901,ROCKSPRINGS ISD,'15,N,A,NQ,N,'069,EDWARDS
'226903,SAN ANGELO ISD,'15,N,A,NQ,N,'226,TOM GREEN
'233901,SAN FELIPE-DEL RIO CONS ISD,'15,N,A,NQ,N,'233,VAL VERDE
'206901,SAN SABA ISD,'15,N,A,NQ,N,'206,SAN SABA
'042903,SANTA ANNA ISD,'15,N,R,NQ,N,'042,COLEMAN
'207901,SCHLEICHER ISD,'15,N,E,NQ,N,'207,SCHLEICHER
'218901,SONORA ISD,'15,N,A,NQ,N,'218,SUTTON
'216901,STERLING CITY ISD,'15,N,A,NQ,N,'216,STERLING
'226908,VERIBEST ISD,'15,N,E,NA,N,'226,TOM GREEN
'226906,WALL ISD,'15,N,R,NQ,N,'226,TOM GREEN
'226905,WATER VALLEY ISD,'15,N,A,NQ,N,'226,TOM GREEN
'200904,WINTERS ISD,'15,N,A,NQ,N,'200,RUNNELS
'025906,ZEPHYR ISD,'15,N,E,NQ,N,'025,BROWN
'180903,ADRIAN ISD,'16,N,E,AC,N,'180,OLDHAM
'242904,ALLISON ISD,'16,N,A,NQ,N,'242,WHEELER
'188901,AMARILLO ISD,'16,N,A,NQ,N,'188,POTTER
'148901,BOOKER ISD,'16,N,E,NQ,N,'148,LIPSCOMB
'117901,BORGER ISD,'16,N,A,NQ,N,'117,HUTCHINSON
'185901,BOVINA ISD,'16,N,A,NQ,N,'185,PARMER
'180901,BOYS RANCH ISD,'16,N,A,NQ,N,'180,OLDHAM
'188904,BUSHLAND ISD,'16,N,R,NA,N,'188,POTTER
'106901,CANADIAN ISD,'16,N,R,NQ,N,'106,HEMPHILL
'191901,CANYON ISD,'16,N,R,NQ,P,'191,RANDALL
'103901,CHANNING ISD,'16,N,R,NQ,N,'103,HARTLEY
'038901,CHILDRESS ISD,'16,N,R,NQ,N,'038,CHILDRESS
'065901,CLARENDON ISD,'16,N,E,NQ,N,'065,DONLEY
'006902,CLAUDE ISD,'16,N,R,NQ,N,'006,ARMSTRONG
'056901,DALHART ISD,'16,N,R,NQ,N,'056,DALLAM
'148905,DARROUZETT ISD,'16,N,E,NA,N,'148,LIPSCOMB
'035901,DIMMITT ISD,'16,N,A,NQ,N,'035,CASTRO
'171901,DUMAS ISD,'16,N,A,NQ,N,'171,MOORE
'185902,FARWELL ISD,'16,N,R,NQ,N,'185,PARMER
'148902,FOLLETT ISD,'16,N,E,AT,N,'148,LIPSCOMB
'242906,FORT ELLIOTT CONS ISD,'16,N,R,NQ,N,'242,WHEELER
'185903,FRIONA ISD,'16,N,R,NQ,N,'185,PARMER
'090905,GRANDVIEW-HOPKINS ISD,'16,N,E,NA,N,'090,GRAY
'033901,GROOM ISD,'16,N,E,NQ,N,'033,CARSON
'098901,GRUVER ISD,'16,N,R,NQ,N,'098,HANSFORD
'219901,HAPPY ISD,'16,N,A,NQ,N,'219,SWISHER
'035902,HART ISD,'16,N,A,NQ,N,'035,CASTRO
'103902,HARTLEY ISD,'16,N,R,NQ,N,'103,HARTLEY
'065902,HEDLEY ISD,'16,N,R,AT,N,'065,DONLEY
'059901,HEREFORD ISD,'16,N,A,NQ,N,'059,DEAF SMITH
'148903,HIGGINS ISD,'16,N,A,NQ,N,'148,LIPSCOMB
'188903,HIGHLAND PARK ISD,'16,N,R,NQ,N,'188,POTTER
'242905,KELTON ISD,'16,N,E,NA,N,'242,WHEELER
'219905,KRESS ISD,'16,N,A,NQ,N,'219,SWISHER
'096908,LAKEVIEW ISD,'16,N,A,NQ,N,'096,HALL
'185904,LAZBUDDIE ISD,'16,N,R,NQ,N,'185,PARMER
'090902,LEFORS ISD,'16,N,R,NQ,N,'090,GRAY
'090903,MCLEAN ISD,'16,N,R,NQ,N,'090,GRAY
'096904,MEMPHIS ISD,'16,N,A,NQ,N,'096,HALL
'197902,MIAMI ISD,'16,N,E,NQ,N,'197,ROBERTS
'035903,NAZARETH ISD,'16,N,E,NQ,N,'035,CASTRO
'090904,PAMPA ISD,'16,N,R,NQ,N,'090,GRAY
'033902,PANHANDLE ISD,'16,N,A,NQ,N,'033,CARSON
'179901,PERRYTON ISD,'16,N,R,NQ,N,'179,OCHILTREE
'117904,PLEMONS-STINNETT-PHILLIPS CONS ISD,'16,N,R,NQ,N,'117,HUTCHINSON
'098903,PRINGLE-MORSE CONS ISD,'16,N,E,NA,N,'098,HANSFORD
'188902,RIVER ROAD ISD,'16,N,A,NQ,N,'188,POTTER
'044904,SAMNORWOOD ISD,'16,N,E,NQ,N,'044,COLLINGSWORTH
'117903,SANFORD ISD,'16,N,A,NQ,N,'117,HUTCHINSON
'242902,SHAMROCK ISD,'16,N,A,NQ,N,'242,WHEELER
'023902,SILVERTON ISD,'16,N,R,NQ,N,'023,BRISCOE
'098904,SPEARMAN ISD,'16,N,E,NQ,N,'098,HANSFORD
'117907,SPRING CREEK ISD,'16,N,E,NA,N,'117,HUTCHINSON
'211902,STRATFORD ISD,'16,N,A,NQ,N,'211,SHERMAN
'171902,SUNRAY ISD,'16,N,A,NQ,N,'171,MOORE
'211901,TEXHOMA ISD,'16,N,R,NA,N,'211,SHERMAN
'056902,TEXLINE ISD,'16,N,E,AC,N,'056,DALLAM
'219903,TULIA ISD,'16,N,R,NQ,N,'219,SWISHER
'096905,TURKEY-QUITAQUE ISD,'16,N,R,NQ,N,'096,HALL
'180902,VEGA ISD,'16,N,E,NQ,N,'180,OLDHAM
'059902,WALCOTT ISD,'16,N,E,NA,N,'059,DEAF SMITH
'044902,WELLINGTON ISD,'16,N,E,NQ,N,'044,COLLINGSWORTH
'242903,WHEELER ISD,'16,N,R,NQ,N,'242,WHEELER
'033904,WHITE DEER ISD,'16,N,E,NQ,N,'033,CARSON
'180904,WILDORADO ISD,'16,N,E,NA,N,'180,OLDHAM
'095901,ABERNATHY ISD,'17,N,R,NQ,N,'095,HALE
'140901,AMHERST ISD,'17,N,E,NQ,N,'140,LAMB
'110901,ANTON ISD,'17,N,A,NQ,N,'110,HOCKLEY
'017901,BORDEN COUNTY ISD,'17,N,E,NQ,N,'017,BORDEN
'223901,BROWNFIELD ISD,'17,N,A,NQ,N,'223,TERRY
'095902,COTTON CENTER ISD,'17,N,E,NQ,N,'095,HALE
'054901,CROSBYTON ISD,'17,N,A,NQ,N,'054,CROSBY
'058902,DAWSON ISD,'17,N,E,NQ,N,'058,DAWSON
'251901,DENVER CITY ISD,'17,N,R,NQ,N,'251,YOAKUM
'077901,FLOYDADA ISD,'17,N,A,NQ,N,'077,FLOYD
'152907,FRENSHIP ISD,'17,N,R,NQ,N,'152,LUBBOCK
'135001,GUTHRIE CSD,'17,N,E,AC,N,'135,KING
'095903,HALE CENTER ISD,'17,N,R,NQ,N,'095,HALE
'152910,IDALOU ISD,'17,N,R,NQ,N,'152,LUBBOCK
'132902,JAYTON-GIRARD ISD,'17,N,E,NQ,N,'132,KENT
'058905,KLONDIKE ISD,'17,N,R,NQ,N,'058,DAWSON
'058906,LAMESA ISD,'17,N,A,NQ,N,'058,DAWSON
'110902,LEVELLAND ISD,'17,N,A,NQ,N,'110,HOCKLEY
'140904,LITTLEFIELD ISD,'17,N,A,NQ,N,'140,LAMB
'077902,LOCKNEY ISD,'17,N,A,NQ,N,'077,FLOYD
'083902,LOOP ISD,'17,N,R,NQ,N,'083,GAINES
'054902,LORENZO ISD,'17,N,A,NQ,N,'054,CROSBY
'152901,LUBBOCK ISD,'17,N,A,NQ,N,'152,LUBBOCK
'152906,LUBBOCK-COOPER ISD,'17,N,R,NQ,N,'152,LUBBOCK
'223902,MEADOW ISD,'17,N,A,NQ,N,'223,TERRY
'040901,MORTON ISD,'17,N,A,NQ,N,'040,COCHRAN
'173901,MOTLEY COUNTY ISD,'17,N,R,NQ,N,'173,MOTLEY
'009901,MULESHOE ISD,'17,N,A,NQ,N,'009,BAILEY
'152902,NEW DEAL ISD,'17,N,R,NQ,N,'152,LUBBOCK
'153905,NEW HOME ISD,'17,N,A,NQ,N,'153,LYNN
'153903,O'DONNELL ISD,'17,N,R,NQ,N,'153,LYNN
'140905,OLTON ISD,'17,N,A,NQ,N,'140,LAMB
'051901,PADUCAH ISD,'17,N,R,NQ,N,'051,COTTLE
'063906,PATTON SPRINGS ISD,'17,N,E,NQ,N,'063,DICKENS
'095904,PETERSBURG ISD,'17,N,R,NQ,N,'095,HALE
'251902,PLAINS ISD,'17,N,E,NQ,N,'251,YOAKUM
'095905,PLAINVIEW ISD,'17,N,R,NQ,N,'095,HALE
'085902,POST ISD,'17,N,A,NQ,N,'085,GARZA
'054903,RALLS ISD,'17,N,A,NQ,N,'054,CROSBY
'152908,ROOSEVELT ISD,'17,N,A,NQ,N,'152,LUBBOCK
'110905,ROPES ISD,'17,N,A,NQ,N,'110,HOCKLEY
'058909,SANDS ISD,'17,N,R,AT,N,'058,DAWSON
'083901,SEAGRAVES ISD,'17,N,A,NQ,N,'083,GAINES
'083903,SEMINOLE ISD,'17,N,A,NQ,N,'083,GAINES
'152909,SHALLOWATER ISD,'17,N,A,NQ,N,'152,LUBBOCK
'152903,SLATON ISD,'17,N,A,NQ,N,'152,LUBBOCK
'110906,SMYER ISD,'17,N,A,NQ,N,'110,HOCKLEY
'085903,SOUTHLAND ISD,'17,N,A,NQ,N,'085,GARZA
'140906,SPADE ISD,'17,N,A,NQ,N,'140,LAMB
'140907,SPRINGLAKE-EARTH ISD,'17,N,R,NQ,N,'140,LAMB
'063903,SPUR ISD,'17,N,R,NQ,N,'063,DICKENS
'140908,SUDAN ISD,'17,N,A,NQ,N,'140,LAMB
'110907,SUNDOWN ISD,'17,N,E,NQ,N,'110,HOCKLEY
'153904,TAHOKA ISD,'17,N,R,NQ,N,'153,LYNN
'009903,THREE WAY ISD,'17,N,A,NQ,N,'009,BAILEY
'223904,WELLMAN-UNION CONS ISD,'17,N,R,NQ,N,'223,TERRY
'040902,WHITEFACE CONS ISD,'17,N,A,NQ,N,'040,COCHRAN
'110908,WHITHARRAL ISD,'17,N,A,NQ,N,'110,HOCKLEY
'153907,WILSON ISD,'17,N,R,NQ,N,'153,LYNN
'022901,ALPINE ISD,'18,N,A,NQ,N,'022,BREWSTER
'002901,ANDREWS ISD,'18,N,R,NQ,N,'002,ANDREWS
'195902,BALMORHEA ISD,'18,N,A,NQ,N,'195,REEVES
'114901,BIG SPRING ISD,'18,N,A,NQ,N,'114,HOWARD
'186901,BUENA VISTA ISD,'18,N,A,NQ,N,'186,PECOS
'114902,COAHOMA ISD,'18,N,R,NQ,N,'114,HOWARD
'052901,CRANE ISD,'18,N,R,NQ,N,'052,CRANE
'055901,CULBERSON COUNTY-ALLAMOORE ISD,'18,N,R,NQ,N,'055,CULBERSON
'068901,ECTOR COUNTY ISD,'18,N,A,NQ,P,'068,ECTOR
'114904,FORSAN ISD,'18,N,R,NQ,N,'114,HOWARD
'122901,FT DAVIS ISD,'18,N,R,NQ,N,'122,JEFF DAVIS
'186902,FT STOCKTON ISD,'18,N,A,NQ,N,'186,PECOS
'087901,GLASSCOCK COUNTY ISD,'18,N,A,NQ,N,'087,GLASSCOCK
'156905,GRADY ISD,'18,N,A,NQ,N,'156,MARTIN
'238904,GRANDFALLS-ROYALTY ISD,'18,N,A,NQ,N,'238,WARD
'165902,GREENWOOD ISD,'18,N,A,NQ,N,'165,MIDLAND
'186903,IRAAN-SHEFFIELD ISD,'18,N,A,NQ,N,'186,PECOS
'248901,KERMIT ISD,'18,N,A,NQ,N,'248,WINKLER
'022902,MARATHON ISD,'18,N,A,NQ,N,'022,BREWSTER
'189901,MARFA ISD,'18,N,A,NQ,N,'189,PRESIDIO
'231901,MCCAMEY ISD,'18,N,A,NQ,N,'231,UPTON
'165901,MIDLAND ISD,'18,N,A,NQ,N,'165,MIDLAND
'238902,MONAHANS-WICKETT-PYOTE ISD,'18,N,R,NQ,N,'238,WARD
'195901,PECOS-BARSTOW-TOYAH ISD,'18,N,A,NQ,N,'195,REEVES
'189902,PRESIDIO ISD,'18,N,A,NQ,N,'189,PRESIDIO
'231902,RANKIN ISD,'18,N,R,NQ,N,'231,UPTON
'192901,REAGAN COUNTY ISD,'18,N,A,NQ,N,'192,REAGAN
'022903,SAN VICENTE ISD,'18,N,E,NA,N,'022,BREWSTER
'156902,STANTON ISD,'18,N,A,NQ,N,'156,MARTIN
'022004,TERLINGUA CSD,'18,N,A,NQ,N,'022,BREWSTER
'222901,TERRELL COUNTY ISD,'18,N,E,NQ,N,'222,TERRELL
'122902,VALENTINE ISD,'18,N,R,NQ,N,'122,JEFF DAVIS
'248902,WINK-LOVING ISD,'18,N,E,NQ,N,'248,WINKLER
'071906,ANTHONY ISD,'19,N,R,NQ,N,'071,EL PASO
'071907,CANUTILLO ISD,'19,N,A,NQ,N,'071,EL PASO
'071901,CLINT ISD,'19,N,A,NQ,N,'071,EL PASO
'115903,DELL CITY ISD,'19,N,E,NQ,N,'115,HUDSPETH
'071902,EL PASO ISD,'19,N,A,NQ,P,'071,EL PASO
'071903,FABENS ISD,'19,N,A,NQ,N,'071,EL PASO
'115901,FT HANCOCK ISD,'19,N,L,NE,N,'115,HUDSPETH
'071904,SAN ELIZARIO ISD,'19,N,A,NQ,N,'071,EL PASO
'115902,SIERRA BLANCA ISD,'19,N,A,NQ,N,'115,HUDSPETH
'071909,SOCORRO ISD,'19,N,A,NQ,P,'071,EL PASO
'071908,TORNILLO ISD,'19,N,A,NQ,N,'071,EL PASO
'071905,YSLETA ISD,'19,N,R,NQ,P,'071,EL PASO
'015901,ALAMO HEIGHTS ISD,'20,N,A,NQ,N,'015,BEXAR
'064901,ASHERTON ISD,'20,N,S,NE,N,'064,DIMMIT
'010902,BANDERA ISD,'20,N,R,NQ,N,'010,BANDERA
'015801,BLESSED SACRAMENT ACAD CHARTER H S,'20,Y,C,CS,N,'015,BEXAR
'130901,BOERNE ISD,'20,N,A,NQ,N,'130,KENDALL
'136901,BRACKETT ISD,'20,N,A,NQ,N,'136,KINNEY
'015802,BUILDING ALTERNATIVE CHARTER,'20,Y,C,CS,N,'015,BEXAR
'064903,CARRIZO SPRINGS CONS ISD,'20,N,A,NQ,N,'064,DIMMIT
'133901,CENTER POINT ISD,'20,N,R,NQ,N,'133,KERR
'007901,CHARLOTTE ISD,'20,N,R,NQ,N,'007,ATASCOSA
'142901,COTULLA ISD,'20,N,A,NQ,N,'142,LA SALLE
'254901,CRYSTAL CITY ISD,'20,N,A,NQ,N,'254,ZAVALA
'163902,D'HANIS ISD,'20,N,A,NQ,N,'163,MEDINA
'163901,DEVINE ISD,'20,N,A,NQ,N,'163,MEDINA
'082902,DILLEY ISD,'20,N,A,NQ,N,'082,FRIO
'133905,DIVIDE ISD,'20,N,A,NA,N,'133,KERR
'159901,EAGLE PASS ISD,'20,N,A,NQ,N,'159,MAVERICK
'015911,EAST CENTRAL ISD,'20,N,A,NQ,N,'015,BEXAR
'015905,EDGEWOOD ISD,'20,N,A,NQ,N,'015,BEXAR
'247901,FLORESVILLE ISD,'20,N,A,NQ,N,'247,WILSON
'015914,FT SAM HOUSTON ISD,'20,N,A,NQ,N,'015,BEXAR
'015904,HARLANDALE ISD,'20,N,A,NQ,N,'015,BEXAR
'163904,HONDO ISD,'20,N,A,NQ,N,'163,MEDINA
'133902,HUNT ISD,'20,N,E,NA,N,'133,KERR
'133904,INGRAM ISD,'20,N,A,NQ,N,'133,KERR
'007902,JOURDANTON ISD,'20,N,A,NQ,N,'007,ATASCOSA
'015916,JUDSON ISD,'20,N,A,NQ,N,'015,BEXAR
'133903,KERRVILLE ISD,'20,N,A,NQ,N,'133,KERR
'232901,KNIPPA ISD,'20,N,R,AC,N,'232,UVALDE
'254902,LA PRYOR ISD,'20,N,A,NQ,N,'254,ZAVALA
'247903,LA VERNIA ISD,'20,N,R,NQ,N,'247,WILSON
'015913,LACKLAND ISD,'20,N,E,NQ,N,'015,BEXAR
'193902,LEAKEY ISD,'20,N,A,NQ,N,'193,REAL
'007904,LYTLE ISD,'20,N,R,NQ,N,'007,ATASCOSA
'010901,MEDINA ISD,'20,N,R,NQ,N,'010,BANDERA
'163908,MEDINA VALLEY ISD,'20,N,A,NQ,N,'163,MEDINA
'163903,NATALIA ISD,'20,N,A,NQ,N,'163,MEDINA
'015910,NORTH EAST ISD,'20,N,A,NQ,P,'015,BEXAR
'015915,NORTHSIDE ISD,'20,N,A,NQ,N,'015,BEXAR
'082903,PEARSALL ISD,'20,N,A,NQ,N,'082,FRIO
'007905,PLEASANTON ISD,'20,N,A,NQ,N,'007,ATASCOSA
'007906,POTEET ISD,'20,N,A,NQ,N,'007,ATASCOSA
'247904,POTH ISD,'20,N,R,NQ,N,'247,WILSON
'015906,RANDOLPH FIELD ISD,'20,N,R,NQ,N,'015,BEXAR
'232902,SABINAL ISD,'20,N,A,NQ,N,'232,UVALDE
'015907,SAN ANTONIO ISD,'20,N,A,NQ,N,'015,BEXAR
'015909,SOMERSET ISD,'20,N,A,NQ,N,'015,BEXAR
'015908,SOUTH SAN ANTONIO ISD,'20,N,A,NQ,N,'015,BEXAR
'015917,SOUTHSIDE ISD,'20,N,A,NQ,N,'015,BEXAR
'015912,SOUTHWEST ISD,'20,N,A,NQ,N,'015,BEXAR
'247906,STOCKDALE ISD,'20,N,R,NQ,N,'247,WILSON
'232904,UTOPIA ISD,'20,N,R,NQ,N,'232,UVALDE
'232903,UVALDE CONS ISD,'20,N,A,NQ,N,'232,UVALDE
